sample_idx,true_label,target_label,adv_label,success,queries,l2_mag
0,0,2,2,True,24,850.8748
0,0,8,8,True,25,664.9662
1,0,8,8,True,26,1117.491
2,0,8,8,True,26,1466.1671
3,0,2,2,True,26,1058.9065
4,0,4,4,True,26,1503.8843
4,0,8,8,True,25,1077.3871
4,0,9,9,True,25,951.9149
5,0,2,2,True,25,1267.0583
6,0,8,8,True,25,1086.0166
7,0,6,6,True,26,1315.39
7,0,8,8,True,26,1149.3868
7,0,9,9,True,27,1456.6393
8,0,3,3,True,26,1166.9824
8,0,6,6,True,25,1264.3469
8,0,8,8,True,25,1166.1282
9,0,8,8,True,25,1001.30914
10,0,3,3,True,24,572.083
10,0,8,8,True,27,976.9335
11,0,9,9,True,25,1219.7524
13,0,2,2,True,26,1425.1846
13,0,3,3,True,24,888.52576
13,0,8,8,True,26,1162.3226
13,0,9,9,True,23,227.16513
15,0,2,2,True,23,255.2587
15,0,8,8,True,23,373.0268
16,0,8,8,True,23,223.2241
17,0,2,2,True,25,1297.2363
18,0,8,8,True,24,650.25226
18,0,9,9,True,25,779.18097
19,0,2,2,True,25,1097.8602
19,0,8,8,True,25,1077.7583
20,0,8,8,True,25,977.4247
21,0,8,8,True,23,450.04333
21,0,9,9,True,25,1213.1459
22,0,8,8,True,25,1041.9448
23,0,8,8,True,23,361.13434
24,0,2,2,True,25,1051.0333
24,0,3,3,True,25,1176.0974
24,0,8,8,True,24,677.9159
25,0,2,2,True,25,1284.9911
26,0,2,2,True,25,1277.7821
26,0,3,3,True,26,1421.4229
26,0,5,5,True,25,1206.5803
26,0,6,6,True,25,1028.5985
26,0,8,8,True,23,406.45172
26,0,9,9,True,24,415.63086
27,0,9,9,True,25,1198.3121
28,0,8,8,True,24,570.767
29,0,5,5,True,24,740.8205
29,0,8,8,True,24,607.773
29,0,9,9,True,26,1408.468
30,0,2,2,True,24,926.37683
30,0,8,8,True,26,1403.0085
31,0,2,2,True,24,444.4142
31,0,3,3,True,24,670.82935
31,0,8,8,True,24,191.64029
33,0,2,2,True,25,1076.2258
33,0,3,3,True,24,917.83167
33,0,8,8,True,26,1234.8287
34,0,8,8,True,25,1263.8782
35,0,2,2,True,24,320.25302
35,0,8,8,True,25,872.38696
36,0,2,2,True,25,1333.4331
37,0,8,8,True,24,428.0327
38,0,8,8,True,27,1212.0128
38,0,9,9,True,25,1177.1309
39,0,2,2,True,24,616.7171
39,0,8,8,True,26,1473.6431
40,0,2,2,True,26,1405.9264
41,0,2,2,True,26,1480.7738
41,0,8,8,True,27,1311.2513
43,0,2,2,True,25,1269.5728
43,0,3,3,True,25,1179.1985
43,0,8,8,True,26,1074.4092
44,0,2,2,True,24,567.4963
44,0,8,8,True,24,865.99304
45,0,2,2,True,24,728.80585
45,0,8,8,True,25,1261.8677
46,0,2,2,True,27,1348.0961
46,0,8,8,True,24,721.74304
46,0,9,9,True,26,1173.6239
47,0,2,2,True,25,1098.5054
48,0,8,8,True,26,857.36865
49,0,7,7,True,25,1253.4476
49,0,8,8,True,25,1116.4489
49,0,9,9,True,27,1325.9854
50,0,8,8,True,25,1087.2386
50,0,9,9,True,25,1268.7817
51,0,8,8,True,25,934.7984
52,0,2,2,True,24,602.27985
53,0,2,2,True,25,1237.9846
53,0,3,3,True,24,681.0661
53,0,8,8,True,24,170.21457
53,0,9,9,True,26,1075.405
54,0,2,2,True,24,820.3274
55,0,8,8,True,26,1355.6843
55,0,9,9,True,26,1427.9948
56,0,8,8,True,23,152.61061
56,0,9,9,True,25,1194.0251
57,0,2,2,True,25,1297.8447
57,0,3,3,True,25,1062.834
57,0,4,4,True,26,1319.4824
57,0,8,8,True,26,939.22626
58,0,3,3,True,26,1513.6373
58,0,8,8,True,24,227.8201
60,0,3,3,True,24,893.8344
60,0,6,6,True,23,314.62677
60,0,7,7,True,26,664.51483
60,0,8,8,True,25,753.9622
61,0,2,2,True,24,648.0718
61,0,3,3,True,25,1327.6803
61,0,8,8,True,26,1127.7123
62,0,2,2,True,27,1048.7716
62,0,6,6,True,26,1448.8785
62,0,8,8,True,24,416.57773
62,0,9,9,True,25,1069.7668
63,0,8,8,True,24,653.4271
63,0,9,9,True,25,553.935
64,0,3,3,True,24,872.85394
64,0,8,8,True,26,1109.5734
65,0,8,8,True,25,1124.6448
65,0,9,9,True,25,845.44305
66,0,8,8,True,23,447.20465
67,0,9,9,True,25,798.4416
69,0,8,8,True,25,968.17975
70,0,2,2,True,27,1521.1633
70,0,8,8,True,24,446.92505
71,0,8,8,True,25,1079.1084
71,0,9,9,True,26,1390.9514
72,0,8,8,True,24,442.54944
72,0,9,9,True,25,1203.3038
73,0,8,8,True,25,1047.8038
74,0,4,4,True,26,1231.6481
74,0,9,9,True,27,1304.2795
76,0,8,8,True,24,479.04697
77,0,2,2,True,25,1132.8019
77,0,8,8,True,24,754.24066
78,0,8,8,True,25,964.5512
78,0,9,9,True,26,1490.0094
79,0,2,2,True,25,577.6781
79,0,8,8,True,26,1077.5115
79,0,9,9,True,26,1340.5984
80,0,2,2,True,25,1276.1089
81,0,2,2,True,24,600.8902
81,0,8,8,True,25,1053.6708
82,0,2,2,True,25,403.26913
82,0,8,8,True,24,515.50946
82,0,9,9,True,26,1491.9789
83,0,3,3,True,25,1242.9984
83,0,8,8,True,25,1077.3584
85,0,3,3,True,24,550.8784
85,0,4,4,True,27,1235.5768
85,0,8,8,True,25,848.9924
85,0,9,9,True,26,1374.5228
86,0,2,2,True,24,778.8806
86,0,3,3,True,24,675.4487
86,0,6,6,True,25,1146.6443
86,0,8,8,True,24,219.02055
86,0,9,9,True,26,1096.8213
87,0,8,8,True,26,1284.3672
88,0,3,3,True,24,840.8103
88,0,8,8,True,25,1084.481
89,0,2,2,True,24,805.11926
89,0,8,8,True,25,1244.9731
90,0,6,6,True,26,1448.7926
90,0,8,8,True,25,990.4332
90,0,9,9,True,25,1205.5464
91,0,2,2,True,25,1149.06
91,0,3,3,True,25,1212.3622
91,0,8,8,True,26,1100.6653
92,0,3,3,True,25,908.77
92,0,4,4,True,24,708.7531
92,0,7,7,True,25,1253.6974
92,0,8,8,True,26,1164.7961
92,0,9,9,True,25,1168.7916
93,0,3,3,True,26,1522.9114
93,0,8,8,True,24,472.96194
94,0,8,8,True,25,994.7321
94,0,9,9,True,27,1484.5447
95,0,8,8,True,25,1168.8973
97,0,8,8,True,25,1018.193
98,0,4,4,True,24,643.7437
98,0,9,9,True,26,1473.6003
99,0,2,2,True,25,1252.1002
99,0,8,8,True,25,1082.3964
100,1,2,2,True,23,54.405884
100,1,3,3,True,24,525.8032
100,1,5,5,True,24,873.50616
100,1,8,8,True,23,428.61172
100,1,9,9,True,24,210.07379
101,1,8,8,True,23,81.40639
102,1,2,2,True,23,85.146935
102,1,7,7,True,24,104.04326
102,1,8,8,True,23,93.14505
102,1,9,9,True,24,481.44366
103,1,2,2,True,23,36.193924
103,1,5,5,True,26,1131.046
103,1,8,8,True,23,230.97403
104,1,2,2,True,24,570.06665
104,1,3,3,True,23,53.42284
104,1,5,5,True,23,69.97142
104,1,6,6,True,24,351.53235
104,1,8,8,True,23,158.76083
104,1,9,9,True,23,211.4072
105,1,3,3,True,23,106.498825
105,1,5,5,True,23,298.2499
105,1,6,6,True,23,404.86295
105,1,8,8,True,23,82.565125
105,1,9,9,True,23,308.41855
106,1,2,2,True,25,1068.3394
106,1,5,5,True,24,843.1085
106,1,6,6,True,25,1212.8405
106,1,8,8,True,23,66.13622
107,1,2,2,True,23,36.166283
107,1,3,3,True,25,1058.4971
107,1,8,8,True,23,82.474236
108,1,2,2,True,23,54.378304
108,1,3,3,True,24,775.209
108,1,7,7,True,26,1264.2136
108,1,8,8,True,23,411.94537
109,1,2,2,True,23,54.277065
109,1,3,3,True,26,1000.22095
109,1,5,5,True,26,1000.5389
109,1,7,7,True,24,688.26886
109,1,8,8,True,24,540.57935
109,1,9,9,True,24,776.93823
110,1,2,2,True,23,71.55418
110,1,6,6,True,27,1423.9515
110,1,8,8,True,23,65.23803
111,1,3,3,True,23,71.10555
111,1,5,5,True,23,302.70944
111,1,8,8,True,23,66.858055
111,1,9,9,True,23,392.5519
112,1,2,2,True,23,53.814495
112,1,5,5,True,25,1114.2517
112,1,7,7,True,23,35.69314
112,1,8,8,True,24,394.30444
112,1,9,9,True,23,343.06415
113,1,2,2,True,23,53.160137
114,1,2,2,True,23,376.5833
114,1,8,8,True,23,82.81304
115,1,2,2,True,23,54.580215
115,1,8,8,True,23,83.46257
116,1,2,2,True,24,70.476944
116,1,5,5,True,23,404.40204
116,1,6,6,True,26,1514.8739
116,1,8,8,True,23,66.14378
117,1,2,2,True,25,969.72626
117,1,3,3,True,23,88.63972
117,1,5,5,True,23,228.78812
117,1,6,6,True,27,1511.7212
117,1,8,8,True,23,99.724625
117,1,9,9,True,23,179.27353
118,1,2,2,True,23,54.39669
118,1,8,8,True,23,82.40146
119,1,2,2,True,23,53.86093
119,1,3,3,True,26,1366.1929
119,1,5,5,True,26,720.75305
119,1,7,7,True,24,875.9081
119,1,8,8,True,23,311.91183
119,1,9,9,True,26,1417.5278
120,1,2,2,True,23,54.781384
120,1,3,3,True,24,560.6086
120,1,5,5,True,26,1492.8905
120,1,7,7,True,24,460.07825
120,1,8,8,True,23,413.07504
120,1,9,9,True,24,409.09167
121,1,2,2,True,23,54.32311
121,1,8,8,True,23,82.37111
122,1,3,3,True,26,1422.7712
122,1,5,5,True,26,1371.9471
122,1,8,8,True,23,49.829712
123,1,2,2,True,23,446.20175
123,1,3,3,True,24,647.3384
123,1,5,5,True,23,88.079506
123,1,8,8,True,23,82.831154
123,1,9,9,True,24,699.1273
124,1,2,2,True,23,71.86098
124,1,5,5,True,24,807.07434
124,1,8,8,True,23,82.33469
125,1,2,2,True,23,36.23534
125,1,3,3,True,27,877.54486
125,1,7,7,True,25,1104.0114
125,1,8,8,True,24,396.27893
126,1,3,3,True,23,88.90444
126,1,5,5,True,23,406.98035
126,1,8,8,True,23,83.50449
127,1,3,3,True,23,106.98598
127,1,5,5,True,23,88.19297
127,1,6,6,True,25,948.34753
127,1,8,8,True,23,65.93937
127,1,9,9,True,24,225.9646
128,1,2,2,True,23,36.04164
128,1,5,5,True,26,522.77435
128,1,6,6,True,26,1511.1423
128,1,8,8,True,23,197.22069
129,1,2,2,True,23,54.753994
129,1,7,7,True,26,408.44217
129,1,8,8,True,23,66.70082
130,1,2,2,True,24,719.3407
130,1,3,3,True,23,89.16277
130,1,5,5,True,23,195.0282
130,1,7,7,True,23,88.538124
130,1,8,8,True,23,116.25833
130,1,9,9,True,23,196.35428
131,1,2,2,True,23,125.275696
131,1,3,3,True,24,756.78467
131,1,5,5,True,23,88.72429
131,1,8,8,True,23,83.25864
132,1,3,3,True,23,89.498604
132,1,5,5,True,23,336.1086
132,1,6,6,True,24,675.89276
132,1,8,8,True,23,82.20097
132,1,9,9,True,23,211.75221
133,1,2,2,True,23,71.85402
133,1,5,5,True,26,1106.5636
133,1,8,8,True,23,66.02272
134,1,7,7,True,26,1521.8269
134,1,8,8,True,23,82.35897
135,1,2,2,True,23,117.61378
135,1,3,3,True,26,728.7345
135,1,5,5,True,25,1042.4241
135,1,7,7,True,24,465.59424
135,1,8,8,True,23,256.4761
135,1,9,9,True,24,409.78043
136,1,7,7,True,26,1271.3756
136,1,8,8,True,23,66.820656
136,1,9,9,True,24,696.395
137,1,2,2,True,24,553.3814
137,1,3,3,True,24,763.56726
137,1,5,5,True,24,87.24104
137,1,6,6,True,25,1229.6068
137,1,8,8,True,23,83.18654
137,1,9,9,True,26,1455.9028
138,1,3,3,True,24,753.00665
138,1,5,5,True,26,1324.4274
138,1,8,8,True,23,66.37771
139,1,2,2,True,24,797.2892
139,1,3,3,True,24,779.0411
139,1,5,5,True,23,404.334
139,1,6,6,True,26,1397.306
139,1,8,8,True,23,66.38524
140,1,2,2,True,23,69.735214
140,1,3,3,True,24,541.9225
140,1,5,5,True,27,1422.721
140,1,7,7,True,23,35.552776
140,1,8,8,True,23,259.32605
140,1,9,9,True,24,381.84683
141,1,2,2,True,23,36.276714
141,1,5,5,True,25,1192.8827
141,1,8,8,True,24,207.99759
141,1,9,9,True,25,932.2371
142,1,2,2,True,24,712.6563
142,1,3,3,True,23,89.437126
142,1,5,5,True,23,88.758095
142,1,8,8,True,23,115.98707
142,1,9,9,True,23,197.1218
143,1,5,5,True,23,106.84568
143,1,8,8,True,23,50.299107
144,1,2,2,True,23,340.69342
144,1,8,8,True,23,65.90144
145,1,2,2,True,23,36.180103
145,1,7,7,True,23,53.357285
145,1,8,8,True,23,421.86966
145,1,9,9,True,24,430.48578
146,1,2,2,True,24,466.61548
146,1,3,3,True,23,103.61467
146,1,5,5,True,24,488.77194
146,1,7,7,True,23,52.943367
146,1,8,8,True,23,400.1912
146,1,9,9,True,24,458.9183
147,1,2,2,True,23,36.60601
147,1,3,3,True,25,1105.2045
147,1,5,5,True,26,900.1661
147,1,7,7,True,23,35.69314
147,1,8,8,True,24,161.1645
147,1,9,9,True,23,245.01633
148,1,2,2,True,26,1381.0247
148,1,3,3,True,23,70.80254
148,1,5,5,True,23,70.21396
148,1,7,7,True,27,1443.9263
148,1,8,8,True,23,82.407524
149,1,2,2,True,27,1416.5938
149,1,3,3,True,24,618.09064
149,1,6,6,True,26,1335.9453
149,1,8,8,True,23,66.22688
149,1,9,9,True,24,709.08887
150,1,2,2,True,24,732.71344
150,1,3,3,True,25,622.364
150,1,5,5,True,23,424.442
150,1,6,6,True,26,1519.9128
150,1,8,8,True,23,66.3551
151,1,3,3,True,23,88.215645
151,1,4,4,True,26,1321.0503
151,1,5,5,True,23,207.98558
151,1,6,6,True,26,1392.0168
151,1,7,7,True,24,67.13419
151,1,8,8,True,23,98.47334
151,1,9,9,True,23,291.7122
152,1,2,2,True,23,36.359318
152,1,3,3,True,24,556.24005
152,1,8,8,True,24,432.27768
153,1,2,2,True,24,571.9799
153,1,3,3,True,24,773.9373
153,1,5,5,True,23,71.281136
153,1,6,6,True,26,1367.3782
153,1,8,8,True,23,66.95521
154,1,2,2,True,23,53.535034
154,1,3,3,True,24,49.939964
154,1,5,5,True,24,82.1523
154,1,8,8,True,23,254.52505
154,1,9,9,True,24,783.1762
155,1,2,2,True,23,54.42426
155,1,3,3,True,26,1320.4412
155,1,5,5,True,24,789.5043
155,1,7,7,True,24,876.72687
155,1,8,8,True,23,181.83234
155,1,9,9,True,26,645.5207
156,1,2,2,True,23,54.212543
156,1,3,3,True,26,1281.8081
156,1,5,5,True,26,1515.8434
156,1,7,7,True,25,1111.0094
156,1,8,8,True,23,148.59004
156,1,9,9,True,24,623.588
157,1,2,2,True,24,569.4208
157,1,3,3,True,26,1375.4265
157,1,5,5,True,23,355.0141
157,1,6,6,True,23,369.80536
157,1,8,8,True,23,66.535706
157,1,9,9,True,26,1334.2185
158,1,2,2,True,23,53.450912
158,1,3,3,True,24,511.91016
158,1,5,5,True,25,860.35864
158,1,8,8,True,23,423.31076
158,1,9,9,True,24,434.4721
159,1,2,2,True,24,444.22403
159,1,8,8,True,23,66.40783
160,1,2,2,True,24,88.2893
160,1,3,3,True,24,733.3478
160,1,5,5,True,23,325.88342
160,1,8,8,True,23,115.36464
161,1,3,3,True,23,53.338543
161,1,5,5,True,23,291.50128
161,1,8,8,True,23,82.601456
161,1,9,9,True,24,701.6295
162,1,2,2,True,24,731.52783
162,1,3,3,True,24,757.18756
162,1,5,5,True,24,853.64746
162,1,6,6,True,25,580.9897
162,1,8,8,True,23,67.27555
163,1,2,2,True,23,72.45689
163,1,8,8,True,23,66.02272
164,1,2,2,True,24,780.8284
164,1,3,3,True,23,53.40412
164,1,5,5,True,23,87.94885
164,1,6,6,True,26,924.99243
164,1,8,8,True,23,378.26974
164,1,9,9,True,23,179.41293
165,1,3,3,True,23,89.1908
165,1,5,5,True,23,460.1478
165,1,6,6,True,26,1511.2888
165,1,8,8,True,23,66.46804
165,1,9,9,True,26,1467.86
166,1,3,3,True,24,87.11487
166,1,5,5,True,23,281.80667
166,1,6,6,True,24,679.4387
166,1,8,8,True,23,66.12866
166,1,9,9,True,26,1400.541
167,1,8,8,True,23,49.96999
168,1,2,2,True,23,36.221542
168,1,5,5,True,25,1167.5813
168,1,7,7,True,26,1471.8074
168,1,8,8,True,23,183.0956
169,1,2,2,True,23,72.835434
169,1,5,5,True,27,1301.5464
169,1,8,8,True,23,82.29216
170,1,3,3,True,23,106.948586
170,1,5,5,True,23,70.35624
170,1,6,6,True,23,320.36386
170,1,8,8,True,23,65.88627
170,1,9,9,True,24,756.8818
171,1,3,3,True,23,89.39799
171,1,5,5,True,23,88.71866
171,1,8,8,True,23,83.761566
171,1,9,9,True,26,1310.5358
172,1,2,2,True,23,36.0
172,1,8,8,True,23,429.66266
172,1,9,9,True,24,234.84676
173,1,2,2,True,24,72.498276
173,1,5,5,True,23,354.5772
173,1,7,7,True,25,414.5383
173,1,8,8,True,23,83.558365
174,1,2,2,True,23,53.90733
174,1,8,8,True,24,430.79346
175,1,2,2,True,25,1088.6335
175,1,6,6,True,27,1351.7489
175,1,8,8,True,23,66.1589
176,1,3,3,True,23,89.57678
176,1,5,5,True,23,300.78232
176,1,8,8,True,23,66.68583
177,1,3,3,True,24,711.24536
177,1,5,5,True,26,1510.5546
177,1,8,8,True,23,65.45227
178,1,2,2,True,24,703.7876
178,1,3,3,True,23,87.88629
178,1,5,5,True,23,87.189445
178,1,6,6,True,26,1463.272
178,1,8,8,True,23,290.4789
178,1,9,9,True,23,146.33182
179,1,2,2,True,23,71.8888
179,1,3,3,True,23,53.160137
179,1,5,5,True,23,87.52714
179,1,8,8,True,24,88.43076
179,1,9,9,True,23,340.42474
180,1,2,2,True,23,36.71512
180,1,3,3,True,24,660.07043
180,1,5,5,True,23,404.95062
180,1,6,6,True,26,1408.3486
180,1,8,8,True,24,93.40771
181,1,2,2,True,23,52.990566
181,1,8,8,True,24,419.36618
182,1,2,2,True,23,54.277065
182,1,5,5,True,24,396.4644
182,1,6,6,True,26,1511.083
182,1,8,8,True,23,165.21803
183,1,2,2,True,24,718.56104
183,1,3,3,True,23,88.24965
183,1,5,5,True,23,88.08519
183,1,6,6,True,25,958.64124
183,1,8,8,True,23,131.54086
183,1,9,9,True,23,194.60472
184,1,2,2,True,24,570.33673
184,1,3,3,True,23,52.95281
184,1,5,5,True,23,192.38763
184,1,8,8,True,23,99.48869
184,1,9,9,True,23,195.16147
185,1,2,2,True,23,36.0
185,1,8,8,True,23,148.33745
185,1,9,9,True,26,1449.3865
186,1,2,2,True,23,53.935146
186,1,6,6,True,25,1189.824
186,1,8,8,True,23,66.23443
187,1,2,2,True,23,392.04974
187,1,3,3,True,23,84.83514
187,1,8,8,True,23,147.45508
187,1,9,9,True,25,683.0717
188,1,2,2,True,23,70.370445
188,1,3,3,True,24,823.7979
188,1,7,7,True,25,1193.734
188,1,8,8,True,23,165.10603
188,1,9,9,True,25,1103.547
189,1,2,2,True,23,36.221542
189,1,5,5,True,26,1110.8586
189,1,8,8,True,23,82.90356
189,1,9,9,True,25,834.5616
190,1,2,2,True,23,71.44928
190,1,3,3,True,23,87.982956
190,1,5,5,True,25,594.33746
190,1,7,7,True,23,52.744667
190,1,8,8,True,23,148.74475
190,1,9,9,True,23,179.49095
191,1,3,3,True,23,169.44911
192,1,3,3,True,23,53.197742
192,1,5,5,True,23,87.67554
192,1,6,6,True,25,1150.752
192,1,8,8,True,23,147.94594
192,1,9,9,True,23,178.52731
193,1,2,2,True,23,36.660606
193,1,3,3,True,23,270.16663
193,1,8,8,True,23,66.79072
194,1,2,2,True,23,54.534393
194,1,3,3,True,23,305.15897
194,1,7,7,True,24,508.38666
194,1,8,8,True,23,99.22197
194,1,9,9,True,23,215.27425
195,1,3,3,True,23,88.893196
195,1,5,5,True,23,416.7553
195,1,8,8,True,23,50.0999
195,1,9,9,True,26,1360.8927
196,1,2,2,True,23,322.58798
196,1,8,8,True,23,66.10597
197,1,2,2,True,23,54.295486
197,1,5,5,True,23,392.69836
197,1,8,8,True,23,115.52489
198,1,2,2,True,23,432.54825
198,1,3,3,True,25,1114.4581
198,1,5,5,True,24,686.333
198,1,6,6,True,26,1519.183
198,1,8,8,True,23,66.69333
199,1,2,2,True,23,54.037025
199,1,8,8,True,23,181.0
200,2,3,3,True,24,681.2855
200,2,8,8,True,24,713.3386
200,2,9,9,True,24,841.1736
201,2,8,8,True,25,1178.9126
202,2,0,0,True,25,939.9356
202,2,3,3,True,25,1142.955
202,2,8,8,True,24,550.0873
203,2,3,3,True,25,1109.5544
203,2,5,5,True,26,1497.8083
203,2,6,6,True,26,1348.1976
203,2,8,8,True,25,656.6346
204,2,3,3,True,25,1184.3378
204,2,8,8,True,23,207.59576
204,2,9,9,True,24,569.9518
205,2,8,8,True,24,619.8992
206,2,8,8,True,24,588.7894
207,2,3,3,True,25,1105.3253
207,2,8,8,True,24,559.0465
208,2,8,8,True,25,1302.1036
209,2,3,3,True,25,1308.5225
209,2,8,8,True,24,426.63803
210,2,3,3,True,25,666.52905
210,2,8,8,True,23,210.39961
211,2,8,8,True,24,207.95432
212,2,8,8,True,25,501.9781
213,2,0,0,True,26,1514.5485
214,2,8,8,True,25,784.60626
215,2,8,8,True,25,973.7895
216,2,8,8,True,23,392.66144
217,2,0,0,True,25,1207.2245
217,2,8,8,True,23,232.7402
218,2,8,8,True,24,657.23285
219,2,3,3,True,23,465.868
219,2,8,8,True,23,210.79848
219,2,9,9,True,25,1137.7723
220,2,3,3,True,24,699.90497
220,2,4,4,True,25,1054.755
220,2,6,6,True,25,841.54443
220,2,8,8,True,23,316.89905
220,2,9,9,True,24,259.08105
221,2,0,0,True,27,1464.6678
221,2,8,8,True,24,431.84488
222,2,3,3,True,25,1377.0894
222,2,8,8,True,24,505.80432
223,2,8,8,True,24,654.02216
224,2,8,8,True,24,623.689
225,2,3,3,True,24,483.03934
225,2,5,5,True,26,1424.7645
225,2,8,8,True,24,604.70074
225,2,9,9,True,27,1051.6364
226,2,0,0,True,25,1211.1887
226,2,3,3,True,25,1159.3778
226,2,5,5,True,26,1477.0372
226,2,8,8,True,24,589.27496
227,2,8,8,True,24,412.14682
228,2,8,8,True,25,1221.1089
229,2,8,8,True,23,450.79263
230,2,3,3,True,24,503.33786
230,2,8,8,True,24,504.89703
231,2,8,8,True,24,512.00586
232,2,3,3,True,24,663.3762
232,2,8,8,True,23,365.81964
234,2,0,0,True,26,1466.296
234,2,8,8,True,24,656.3444
235,2,0,0,True,25,532.97656
235,2,3,3,True,26,1231.8186
235,2,8,8,True,24,595.5099
236,2,8,8,True,25,1240.6506
237,2,3,3,True,25,1342.1315
237,2,8,8,True,24,599.44977
239,2,0,0,True,24,849.4363
239,2,8,8,True,25,643.26355
240,2,8,8,True,25,707.7132
241,2,8,8,True,26,1505.662
242,2,0,0,True,24,710.08734
242,2,8,8,True,25,895.6232
243,2,3,3,True,25,779.41644
243,2,8,8,True,23,392.35062
244,2,3,3,True,25,1086.4336
244,2,8,8,True,24,508.94205
245,2,8,8,True,23,154.16873
246,2,8,8,True,24,643.1882
247,2,0,0,True,27,1519.2175
247,2,8,8,True,24,584.4108
248,2,8,8,True,27,1067.787
249,2,0,0,True,26,1407.4065
249,2,8,8,True,24,590.0619
250,2,8,8,True,24,621.7886
251,2,0,0,True,26,1443.164
251,2,3,3,True,25,863.9398
251,2,8,8,True,24,530.2556
252,2,8,8,True,25,967.96436
253,2,5,5,True,25,1360.0356
253,2,8,8,True,23,246.81572
254,2,8,8,True,23,258.0097
255,2,3,3,True,25,1093.706
255,2,6,6,True,25,1278.9222
255,2,8,8,True,24,543.93384
256,2,3,3,True,25,1284.1561
256,2,8,8,True,23,106.004715
257,2,0,0,True,26,1135.6998
257,2,3,3,True,24,579.5231
257,2,8,8,True,24,170.04999
258,2,8,8,True,24,669.1913
259,2,0,0,True,25,1129.0509
259,2,3,3,True,25,1357.1713
259,2,8,8,True,25,1035.9479
260,2,8,8,True,25,1025.9829
261,2,3,3,True,27,1350.7161
261,2,8,8,True,24,593.3768
262,2,0,0,True,25,941.66345
262,2,3,3,True,23,37.349697
262,2,8,8,True,24,616.739
263,2,0,0,True,25,1145.8739
263,2,8,8,True,25,741.48364
264,2,8,8,True,25,1106.1808
265,2,3,3,True,25,1112.4756
265,2,7,7,True,26,1426.6278
265,2,8,8,True,25,945.2079
266,2,0,0,True,24,862.2552
266,2,8,8,True,25,987.8421
267,2,8,8,True,24,512.20013
268,2,0,0,True,27,1278.4193
268,2,3,3,True,24,650.5137
268,2,8,8,True,23,243.87497
269,2,8,8,True,23,357.11203
270,2,8,8,True,23,209.56622
271,2,8,8,True,24,560.0571
272,2,0,0,True,25,1025.7637
272,2,3,3,True,24,409.6706
272,2,5,5,True,27,1521.5548
272,2,8,8,True,24,547.2413
273,2,0,0,True,26,1427.1191
273,2,3,3,True,25,1150.3943
273,2,8,8,True,25,869.12195
273,2,9,9,True,26,1463.229
274,2,3,3,True,25,1186.0249
274,2,8,8,True,25,576.8483
274,2,9,9,True,27,965.37866
275,2,8,8,True,25,869.63556
276,2,8,8,True,23,248.74686
278,2,3,3,True,24,885.95935
278,2,8,8,True,23,243.45636
279,2,3,3,True,24,256.48978
279,2,8,8,True,24,169.455
280,2,8,8,True,24,498.29608
281,2,8,8,True,24,689.16614
281,2,9,9,True,26,1460.6691
283,2,3,3,True,25,1060.5168
283,2,8,8,True,25,930.7916
284,2,8,8,True,26,1517.3967
285,2,8,8,True,25,1288.0116
286,2,3,3,True,25,1247.423
286,2,8,8,True,24,427.4307
287,2,3,3,True,24,516.86554
287,2,8,8,True,23,402.23126
288,2,8,8,True,24,454.4436
289,2,8,8,True,24,906.51917
290,2,8,8,True,23,239.35538
291,2,8,8,True,24,485.35245
291,2,9,9,True,25,1184.1947
292,2,8,8,True,24,647.5608
293,2,8,8,True,24,457.54126
294,2,8,8,True,24,589.1494
295,2,3,3,True,23,298.88626
295,2,8,8,True,24,564.32263
295,2,9,9,True,25,1218.1407
296,2,0,0,True,25,1092.666
296,2,3,3,True,25,1092.39
296,2,8,8,True,25,988.02734
297,2,8,8,True,24,298.73065
298,2,3,3,True,24,103.077644
298,2,5,5,True,26,1506.704
298,2,8,8,True,24,129.2865
298,2,9,9,True,25,654.9412
299,2,0,0,True,27,1430.3528
299,2,3,3,True,26,1422.1167
299,2,8,8,True,24,488.02972
300,3,0,0,True,24,740.72327
301,3,0,0,True,26,1040.5941
301,3,6,6,True,26,1434.5023
301,3,8,8,True,25,1114.0396
302,3,8,8,True,24,671.1833
303,3,0,0,True,25,1001.3481
303,3,5,5,True,24,792.3017
303,3,8,8,True,24,453.70584
304,3,0,0,True,27,1517.7388
304,3,8,8,True,24,669.2735
305,3,0,0,True,24,619.7572
305,3,2,2,True,23,185.91127
305,3,8,8,True,25,897.3428
305,3,9,9,True,25,1163.4448
306,3,0,0,True,25,964.7963
306,3,5,5,True,25,1177.8969
306,3,8,8,True,25,400.095
307,3,0,0,True,24,641.8325
307,3,6,6,True,26,1347.6041
307,3,8,8,True,24,473.83014
307,3,9,9,True,25,1188.3093
308,3,0,0,True,24,656.5874
308,3,5,5,True,26,1442.4836
308,3,9,9,True,25,1141.4701
309,3,0,0,True,25,970.60547
309,3,8,8,True,25,1055.3032
309,3,9,9,True,27,1469.1277
310,3,5,5,True,26,1393.1332
310,3,8,8,True,24,369.73505
311,3,8,8,True,25,1079.3252
312,3,8,8,True,26,1012.2149
313,3,5,5,True,27,1524.6445
313,3,8,8,True,24,765.4025
314,3,0,0,True,25,1013.19196
314,3,8,8,True,26,1330.2229
316,3,8,8,True,24,626.9761
316,3,9,9,True,25,1200.5253
318,3,0,0,True,24,801.14856
318,3,5,5,True,25,1248.0209
318,3,8,8,True,25,930.2005
319,3,0,0,True,25,1162.468
319,3,5,5,True,26,1094.0804
319,3,8,8,True,27,919.1632
320,3,8,8,True,24,785.0032
320,3,9,9,True,25,1122.6504
321,3,0,0,True,25,936.7401
321,3,5,5,True,25,459.22433
321,3,8,8,True,24,134.287
322,3,0,0,True,27,1283.856
322,3,8,8,True,27,1372.2001
323,3,8,8,True,26,1356.9617
324,3,8,8,True,23,190.53346
325,3,8,8,True,24,563.5805
326,3,5,5,True,24,568.1637
326,3,8,8,True,24,643.2744
327,3,0,0,True,26,1143.1641
327,3,8,8,True,27,1487.4928
328,3,8,8,True,24,701.7421
329,3,0,0,True,25,930.3553
330,3,8,8,True,23,410.30112
331,3,0,0,True,26,1427.9318
331,3,8,8,True,25,1167.622
332,3,0,0,True,26,1433.0851
332,3,8,8,True,24,465.59317
333,3,8,8,True,25,552.51337
334,3,8,8,True,26,1467.1489
335,3,0,0,True,25,745.6199
335,3,5,5,True,23,325.3475
335,3,8,8,True,25,673.5481
336,3,2,2,True,26,405.21722
336,3,5,5,True,25,1176.0459
336,3,8,8,True,24,125.87692
336,3,9,9,True,26,1368.5756
337,3,8,8,True,23,242.04546
338,3,8,8,True,24,671.3933
339,3,0,0,True,24,875.8984
339,3,2,2,True,25,1277.8442
339,3,8,8,True,27,1466.4147
340,3,0,0,True,26,1310.7963
341,3,8,8,True,25,694.327
341,3,9,9,True,25,1202.6105
342,3,8,8,True,24,671.0827
343,3,8,8,True,26,1509.7751
344,3,5,5,True,26,1387.0112
344,3,8,8,True,23,224.96666
345,3,0,0,True,26,1294.8413
346,3,5,5,True,25,1167.3573
346,3,8,8,True,24,656.4876
347,3,0,0,True,27,974.5496
347,3,8,8,True,25,752.5875
348,3,0,0,True,26,1369.0468
348,3,8,8,True,24,509.47327
349,3,8,8,True,26,1410.9011
350,3,0,0,True,26,1453.2698
350,3,8,8,True,25,1224.5848
351,3,8,8,True,24,730.842
352,3,0,0,True,26,1427.1394
352,3,8,8,True,24,869.90344
353,3,0,0,True,25,1014.27954
353,3,8,8,True,26,757.7348
354,3,8,8,True,26,1361.874
355,3,0,0,True,26,1512.4414
355,3,8,8,True,26,1237.9495
356,3,2,2,True,25,1270.0063
356,3,8,8,True,25,1094.4779
356,3,9,9,True,25,1228.8702
357,3,0,0,True,26,1257.3806
357,3,4,4,True,27,610.0574
357,3,5,5,True,25,815.24414
357,3,8,8,True,26,1252.4037
358,3,0,0,True,26,1428.3627
358,3,8,8,True,25,1153.385
359,3,2,2,True,24,674.0697
359,3,8,8,True,24,733.4037
359,3,9,9,True,25,887.4835
360,3,8,8,True,24,402.56924
360,3,9,9,True,24,712.5223
361,3,8,8,True,23,354.6195
362,3,0,0,True,26,1180.8391
362,3,8,8,True,26,1232.8771
363,3,8,8,True,25,973.00104
364,3,0,0,True,26,1409.2384
364,3,5,5,True,25,949.2002
364,3,8,8,True,25,838.90405
365,3,2,2,True,27,1524.5494
365,3,8,8,True,24,872.60016
366,3,5,5,True,26,1366.5255
366,3,8,8,True,24,484.66278
366,3,9,9,True,24,720.3242
367,3,8,8,True,25,1090.7479
368,3,2,2,True,26,1422.1821
368,3,8,8,True,23,399.89124
368,3,9,9,True,26,1415.456
369,3,8,8,True,26,1470.7166
370,3,0,0,True,26,1275.0385
370,3,5,5,True,24,370.97842
370,3,8,8,True,25,479.34225
370,3,9,9,True,24,683.81573
371,3,8,8,True,24,362.1091
371,3,9,9,True,26,1429.0566
372,3,0,0,True,26,1260.6125
372,3,5,5,True,26,1389.2839
372,3,8,8,True,25,779.67816
372,3,9,9,True,25,1147.0824
373,3,0,0,True,26,1310.6925
374,3,0,0,True,26,1250.3976
374,3,8,8,True,25,1158.6536
375,3,0,0,True,25,1198.045
375,3,5,5,True,25,1340.0385
375,3,8,8,True,26,1076.5245
375,3,9,9,True,26,1199.903
376,3,8,8,True,26,1012.3349
376,3,9,9,True,26,1501.2545
378,3,0,0,True,26,1340.2664
378,3,2,2,True,25,1343.1865
379,3,8,8,True,24,472.80652
379,3,9,9,True,26,1464.2407
380,3,8,8,True,25,901.4117
381,3,0,0,True,26,1424.6565
381,3,5,5,True,23,465.74026
381,3,8,8,True,26,648.36176
382,3,0,0,True,26,1372.1035
382,3,8,8,True,27,1502.9009
383,3,8,8,True,24,414.50333
383,3,9,9,True,23,397.46194
384,3,0,0,True,25,780.2051
384,3,8,8,True,25,851.6378
384,3,9,9,True,26,1402.9543
385,3,0,0,True,25,965.5677
385,3,8,8,True,25,1024.5272
386,3,0,0,True,26,1330.4559
386,3,8,8,True,25,1093.2982
386,3,9,9,True,26,1425.214
388,3,0,0,True,25,1031.9496
388,3,5,5,True,24,614.0684
388,3,8,8,True,26,1423.0052
389,3,0,0,True,25,958.17584
389,3,8,8,True,26,1265.3142
390,3,8,8,True,25,1022.6876
391,3,0,0,True,26,1359.676
392,3,8,8,True,23,302.8531
393,3,8,8,True,23,440.63364
393,3,9,9,True,25,1030.5891
394,3,8,8,True,24,675.89496
395,3,5,5,True,26,1421.5829
395,3,8,8,True,24,308.40558
395,3,9,9,True,26,1163.8716
396,3,0,0,True,25,1058.9783
396,3,2,2,True,25,1429.6703
396,3,9,9,True,26,1333.6952
397,3,8,8,True,24,559.5239
398,3,5,5,True,26,1454.4628
398,3,8,8,True,25,513.64484
399,3,0,0,True,26,1388.1289
399,3,8,8,True,25,1201.8531
400,4,8,8,True,26,1282.7139
400,4,9,9,True,25,750.2819
401,4,0,0,True,24,474.79257
401,4,2,2,True,24,695.7579
401,4,3,3,True,25,1220.2029
401,4,8,8,True,24,808.0922
402,4,2,2,True,26,1247.6389
402,4,3,3,True,25,1142.9677
403,4,9,9,True,24,730.17737
404,4,3,3,True,25,904.2887
404,4,8,8,True,24,477.35837
404,4,9,9,True,24,817.1438
405,4,0,0,True,26,1400.9926
405,4,8,8,True,26,1434.1443
405,4,9,9,True,24,617.36945
406,4,3,3,True,25,974.1971
406,4,8,8,True,25,1009.09564
406,4,9,9,True,26,1494.6313
407,4,2,2,True,26,1351.8728
407,4,3,3,True,26,1398.3887
407,4,8,8,True,24,481.47794
407,4,9,9,True,26,1069.9023
408,4,3,3,True,27,1512.987
408,4,9,9,True,25,1106.4927
409,4,8,8,True,24,482.07468
410,4,3,3,True,24,616.42926
410,4,8,8,True,25,909.90826
410,4,9,9,True,25,1232.6188
411,4,3,3,True,26,1470.08
411,4,8,8,True,23,422.80966
412,4,3,3,True,26,1360.8365
412,4,8,8,True,24,859.8459
412,4,9,9,True,24,725.2903
413,4,2,2,True,27,1521.9911
413,4,8,8,True,24,789.0862
413,4,9,9,True,24,531.3088
414,4,2,2,True,26,1416.9393
414,4,3,3,True,26,1272.3219
414,4,8,8,True,25,1079.1107
414,4,9,9,True,24,740.2932
415,4,0,0,True,26,1368.2953
415,4,8,8,True,26,1006.12573
415,4,9,9,True,24,630.29596
416,4,6,6,True,24,660.57245
416,4,9,9,True,24,488.52637
417,4,3,3,True,26,1407.3301
417,4,8,8,True,25,820.04266
417,4,9,9,True,24,516.824
418,4,2,2,True,26,1508.0929
418,4,3,3,True,26,1332.7513
418,4,8,8,True,24,607.3179
418,4,9,9,True,23,357.12463
419,4,3,3,True,26,1278.6
419,4,8,8,True,26,1467.7397
419,4,9,9,True,24,506.20746
420,4,2,2,True,24,670.4312
420,4,3,3,True,26,1210.934
420,4,8,8,True,25,1086.6775
420,4,9,9,True,25,1124.7991
421,4,2,2,True,24,845.1929
421,4,3,3,True,24,911.98956
421,4,5,5,True,26,1511.6409
421,4,8,8,True,25,1049.0796
421,4,9,9,True,25,715.80237
422,4,6,6,True,24,876.5837
422,4,8,8,True,25,847.0962
422,4,9,9,True,24,409.6474
423,4,2,2,True,26,1418.1882
423,4,8,8,True,24,651.321
423,4,9,9,True,24,596.561
424,4,3,3,True,25,1136.2733
424,4,8,8,True,24,636.39453
424,4,9,9,True,24,654.4723
425,4,3,3,True,25,794.77924
425,4,5,5,True,24,863.3458
425,4,6,6,True,25,976.0225
425,4,8,8,True,25,1097.3582
425,4,9,9,True,24,843.8252
426,4,2,2,True,24,872.8986
426,4,3,3,True,26,1340.313
426,4,8,8,True,24,808.10583
426,4,9,9,True,24,844.8852
427,4,2,2,True,24,631.48157
427,4,3,3,True,25,685.6019
427,4,8,8,True,25,869.4544
427,4,9,9,True,26,1099.8059
428,4,2,2,True,24,864.136
428,4,3,3,True,25,1080.9648
428,4,6,6,True,26,1519.357
428,4,8,8,True,25,697.9799
428,4,9,9,True,24,809.8765
429,4,8,8,True,26,1325.2064
429,4,9,9,True,25,903.2353
430,4,2,2,True,26,1466.2947
430,4,6,6,True,24,913.9152
430,4,8,8,True,24,776.9305
430,4,9,9,True,24,762.4225
431,4,8,8,True,24,845.16565
432,4,8,8,True,25,838.17004
432,4,9,9,True,23,218.17424
433,4,8,8,True,24,793.9628
434,4,2,2,True,25,1280.8119
434,4,3,3,True,24,372.3896
434,4,5,5,True,25,1030.9835
434,4,6,6,True,24,400.19745
434,4,8,8,True,24,703.7095
434,4,9,9,True,24,479.5623
435,4,8,8,True,26,1379.4502
435,4,9,9,True,24,517.19727
436,4,3,3,True,24,465.4181
436,4,6,6,True,24,655.2824
436,4,8,8,True,24,427.2903
436,4,9,9,True,23,405.98645
437,4,6,6,True,26,1464.6741
437,4,8,8,True,25,1074.2058
437,4,9,9,True,24,523.69745
438,4,3,3,True,25,1002.5941
438,4,6,6,True,25,1286.232
438,4,8,8,True,26,1362.5983
439,4,8,8,True,25,1240.1992
439,4,9,9,True,24,829.6276
440,4,8,8,True,24,730.3588
440,4,9,9,True,24,481.862
441,4,3,3,True,24,662.533
441,4,5,5,True,25,1146.901
441,4,6,6,True,27,1466.7092
441,4,8,8,True,25,936.5949
441,4,9,9,True,24,508.97446
442,4,8,8,True,24,374.03076
443,4,8,8,True,24,510.30972
443,4,9,9,True,25,632.8594
444,4,8,8,True,26,1356.4026
444,4,9,9,True,24,753.1228
445,4,3,3,True,25,804.3084
445,4,8,8,True,24,804.77203
446,4,0,0,True,24,669.272
446,4,2,2,True,24,734.3364
446,4,8,8,True,25,876.7731
447,4,3,3,True,26,1521.7644
447,4,8,8,True,25,875.80023
447,4,9,9,True,24,843.09845
448,4,8,8,True,24,449.2238
448,4,9,9,True,23,425.1776
449,4,8,8,True,25,1030.0796
449,4,9,9,True,24,489.05215
450,4,3,3,True,26,1510.6741
450,4,5,5,True,25,1162.0818
450,4,6,6,True,23,261.50143
450,4,7,7,True,26,1490.9108
450,4,8,8,True,26,1159.9521
450,4,9,9,True,24,634.27594
451,4,8,8,True,25,1228.8368
451,4,9,9,True,24,523.90076
452,4,8,8,True,24,808.46643
452,4,9,9,True,25,1169.5636
453,4,3,3,True,24,907.0794
453,4,6,6,True,24,464.70206
453,4,8,8,True,24,549.2631
453,4,9,9,True,23,211.08292
454,4,8,8,True,24,684.981
454,4,9,9,True,24,475.30728
455,4,2,2,True,24,617.00323
455,4,3,3,True,24,527.64
455,4,8,8,True,24,450.50195
455,4,9,9,True,24,471.0361
456,4,8,8,True,24,443.91553
456,4,9,9,True,23,423.57407
457,4,9,9,True,25,445.96524
458,4,9,9,True,24,620.07904
459,4,2,2,True,23,418.69202
459,4,3,3,True,25,1081.4833
459,4,6,6,True,24,510.77393
459,4,8,8,True,24,577.97406
459,4,9,9,True,24,702.6927
460,4,8,8,True,25,707.89264
461,4,8,8,True,24,745.5669
461,4,9,9,True,24,782.9483
462,4,2,2,True,27,1431.5548
462,4,3,3,True,25,986.7173
462,4,8,8,True,25,983.53394
462,4,9,9,True,24,484.867
463,4,3,3,True,27,1519.9445
463,4,8,8,True,25,1061.263
463,4,9,9,True,24,662.4364
464,4,3,3,True,26,1330.9816
464,4,8,8,True,26,1285.5983
465,4,2,2,True,25,1081.737
465,4,3,3,True,25,722.87964
465,4,6,6,True,25,864.21814
465,4,8,8,True,25,575.9357
465,4,9,9,True,23,218.89496
466,4,3,3,True,24,742.49243
466,4,8,8,True,25,987.55505
466,4,9,9,True,23,396.99875
467,4,8,8,True,24,801.4905
467,4,9,9,True,24,634.8346
468,4,0,0,True,24,549.4206
468,4,9,9,True,24,504.09424
469,4,3,3,True,26,1324.617
469,4,8,8,True,24,838.5285
469,4,9,9,True,24,597.4914
470,4,8,8,True,25,1090.7809
470,4,9,9,True,26,1101.3882
471,4,8,8,True,24,854.4068
472,4,8,8,True,25,812.2715
472,4,9,9,True,23,221.12892
473,4,8,8,True,24,796.6844
473,4,9,9,True,24,819.43945
474,4,3,3,True,24,783.79974
474,4,5,5,True,26,1043.6345
474,4,6,6,True,26,1144.2788
474,4,8,8,True,25,578.5188
474,4,9,9,True,25,458.23248
475,4,2,2,True,26,1441.9663
475,4,8,8,True,24,484.20142
475,4,9,9,True,25,1109.8289
476,4,2,2,True,24,84.846924
476,4,3,3,True,26,1002.39465
476,4,6,6,True,24,664.4614
476,4,8,8,True,24,329.05014
476,4,9,9,True,23,203.87741
477,4,3,3,True,24,719.47064
477,4,8,8,True,23,372.42853
477,4,9,9,True,25,1131.5356
478,4,8,8,True,23,323.86108
478,4,9,9,True,24,776.0116
479,4,8,8,True,26,1284.2968
479,4,9,9,True,26,1392.4185
480,4,3,3,True,25,831.29535
480,4,8,8,True,24,759.6038
480,4,9,9,True,24,799.7612
481,4,3,3,True,25,1116.2065
481,4,8,8,True,24,550.40076
481,4,9,9,True,25,1028.4844
482,4,2,2,True,25,1104.8842
482,4,3,3,True,24,778.679
482,4,6,6,True,24,685.0533
482,4,8,8,True,24,803.0243
482,4,9,9,True,24,823.3329
483,4,6,6,True,26,1379.2367
483,4,8,8,True,23,290.1155
483,4,9,9,True,23,218.45824
484,4,3,3,True,27,1499.7826
484,4,8,8,True,24,651.7745
484,4,9,9,True,24,511.01956
485,4,2,2,True,25,638.22253
485,4,3,3,True,25,1054.1313
485,4,8,8,True,25,750.725
485,4,9,9,True,24,521.47675
486,4,3,3,True,24,631.7405
486,4,6,6,True,24,624.3757
486,4,8,8,True,24,699.94
486,4,9,9,True,23,408.85205
487,4,2,2,True,24,870.4826
487,4,3,3,True,24,619.8
487,4,8,8,True,24,457.27563
487,4,9,9,True,26,1347.8357
488,4,0,0,True,25,267.37613
488,4,2,2,True,25,952.0867
488,4,3,3,True,26,1505.2432
488,4,8,8,True,24,420.41528
489,4,3,3,True,24,714.8028
489,4,8,8,True,24,712.9572
489,4,9,9,True,23,386.35736
490,4,3,3,True,26,931.203
490,4,5,5,True,25,1030.6871
490,4,6,6,True,24,804.77826
490,4,7,7,True,23,466.00858
490,4,8,8,True,24,278.46542
491,4,3,3,True,26,1391.4744
491,4,5,5,True,24,637.2299
491,4,6,6,True,26,1276.5939
491,4,8,8,True,26,1075.0409
491,4,9,9,True,26,1246.6687
492,4,3,3,True,25,588.0281
492,4,8,8,True,24,300.88037
493,4,3,3,True,25,863.91724
493,4,8,8,True,23,304.1332
493,4,9,9,True,23,232.19604
494,4,3,3,True,26,1395.147
494,4,8,8,True,26,1272.3777
494,4,9,9,True,24,704.8312
495,4,8,8,True,25,500.6376
495,4,9,9,True,26,1271.286
496,4,3,3,True,25,707.721
496,4,8,8,True,24,462.91037
496,4,9,9,True,25,461.27432
497,4,8,8,True,24,862.27374
497,4,9,9,True,24,608.88257
498,4,3,3,True,25,509.68323
498,4,8,8,True,25,775.74866
499,4,0,0,True,26,1082.9598
499,4,2,2,True,25,1198.567
499,4,6,6,True,25,1030.3267
499,4,8,8,True,25,928.08136
499,4,9,9,True,24,515.50073
500,5,3,3,True,26,1524.043
500,5,8,8,True,23,242.33861
501,5,0,0,True,25,892.879
501,5,4,4,True,26,1438.0848
501,5,8,8,True,23,385.6916
501,5,9,9,True,25,1197.9186
502,5,0,0,True,26,1161.2941
502,5,3,3,True,24,889.4667
502,5,8,8,True,25,665.451
502,5,9,9,True,25,1039.8452
503,5,3,3,True,25,551.2876
503,5,8,8,True,24,339.0944
504,5,0,0,True,25,1143.4609
504,5,3,3,True,25,1054.4368
504,5,8,8,True,23,444.864
505,5,0,0,True,25,1163.254
505,5,3,3,True,23,166.32198
505,5,8,8,True,23,261.55115
506,5,3,3,True,26,1325.3883
506,5,4,4,True,26,1326.5176
506,5,8,8,True,23,239.66643
507,5,0,0,True,24,526.5235
507,5,4,4,True,25,1249.1486
507,5,6,6,True,23,346.1517
507,5,8,8,True,24,292.9778
507,5,9,9,True,25,1195.8486
508,5,3,3,True,24,677.80084
508,5,8,8,True,23,238.73207
509,5,3,3,True,24,708.85187
509,5,8,8,True,23,253.22914
510,5,3,3,True,24,766.6799
510,5,4,4,True,24,597.00085
510,5,8,8,True,24,411.6892
511,5,2,2,True,24,880.79114
511,5,8,8,True,24,145.08273
512,5,0,0,True,26,1110.435
512,5,2,2,True,26,1523.2075
512,5,3,3,True,24,258.23825
512,5,8,8,True,23,241.07675
513,5,0,0,True,25,1019.05444
513,5,3,3,True,25,945.1709
513,5,8,8,True,24,203.0665
514,5,0,0,True,24,770.27655
514,5,8,8,True,24,426.38013
515,5,3,3,True,26,1435.3063
515,5,8,8,True,23,241.15347
516,5,3,3,True,25,946.4613
517,5,3,3,True,24,893.27826
517,5,8,8,True,23,244.18436
518,5,0,0,True,26,1340.72
518,5,3,3,True,25,1170.5029
518,5,8,8,True,23,378.77435
519,5,0,0,True,25,1180.9835
519,5,3,3,True,25,1083.7961
519,5,8,8,True,23,323.28162
520,5,0,0,True,24,756.4932
520,5,3,3,True,23,475.96008
521,5,8,8,True,23,85.223236
522,5,8,8,True,23,155.03226
523,5,3,3,True,24,577.3959
523,5,8,8,True,23,278.7705
524,5,0,0,True,26,1488.8707
524,5,8,8,True,23,210.11426
525,5,0,0,True,25,818.5878
525,5,3,3,True,24,674.4857
525,5,8,8,True,23,155.91023
526,5,3,3,True,27,1093.1317
526,5,8,8,True,23,226.55463
527,5,0,0,True,25,1099.7664
527,5,3,3,True,24,930.444
527,5,6,6,True,25,1323.6434
527,5,8,8,True,24,376.40936
528,5,3,3,True,24,911.1229
528,5,8,8,True,23,275.51224
529,5,0,0,True,24,461.94373
529,5,3,3,True,25,1315.682
529,5,8,8,True,25,471.46262
530,5,0,0,True,26,1406.2688
530,5,3,3,True,24,677.0325
530,5,8,8,True,23,383.4762
530,5,9,9,True,26,1471.7489
531,5,0,0,True,26,1299.623
531,5,3,3,True,25,1066.5814
531,5,6,6,True,23,340.00735
531,5,8,8,True,24,543.9816
532,5,0,0,True,27,1389.2019
532,5,3,3,True,24,651.3609
532,5,8,8,True,24,448.47632
533,5,0,0,True,25,1137.5188
533,5,3,3,True,26,1526.0845
533,5,8,8,True,23,419.78088
534,5,3,3,True,26,1448.871
534,5,8,8,True,24,365.8907
534,5,9,9,True,26,1370.5338
535,5,0,0,True,24,815.3987
535,5,3,3,True,26,1518.715
535,5,4,4,True,26,1343.9066
535,5,6,6,True,26,1506.7014
535,5,8,8,True,24,384.45026
536,5,3,3,True,25,1017.24677
536,5,8,8,True,24,505.4137
537,5,0,0,True,25,942.6988
537,5,3,3,True,24,739.8385
537,5,8,8,True,24,744.17334
538,5,8,8,True,23,150.8675
539,5,0,0,True,26,1307.3909
539,5,8,8,True,24,387.03488
540,5,2,2,True,23,404.44778
540,5,3,3,True,25,1033.1409
540,5,8,8,True,24,211.96698
541,5,8,8,True,24,426.4352
542,5,8,8,True,24,459.42682
543,5,0,0,True,26,1110.7516
543,5,3,3,True,24,882.32874
543,5,8,8,True,23,344.14243
543,5,9,9,True,25,1255.8646
544,5,8,8,True,23,384.1367
545,5,0,0,True,25,1019.748
545,5,3,3,True,24,571.03766
545,5,8,8,True,24,519.87305
546,5,0,0,True,24,802.5933
546,5,3,3,True,24,587.4513
546,5,8,8,True,23,275.3416
547,5,0,0,True,25,1077.3843
547,5,2,2,True,25,1371.6122
547,5,3,3,True,24,811.5325
547,5,8,8,True,24,695.3977
548,5,3,3,True,26,661.80206
548,5,8,8,True,23,101.0396
549,5,0,0,True,24,804.29474
549,5,2,2,True,25,1306.8424
549,5,3,3,True,23,183.48297
549,5,6,6,True,24,588.12244
549,5,8,8,True,23,117.936424
549,5,9,9,True,25,1031.828
550,5,8,8,True,23,101.103905
551,5,3,3,True,23,204.74863
551,5,8,8,True,24,652.6722
552,5,0,0,True,26,1520.7301
552,5,2,2,True,26,1498.7911
552,5,3,3,True,24,575.5319
552,5,6,6,True,23,431.4835
552,5,8,8,True,23,242.82092
553,5,0,0,True,25,1006.21967
553,5,2,2,True,26,1488.5994
553,5,3,3,True,25,895.76
553,5,6,6,True,26,1271.582
553,5,8,8,True,23,190.09735
554,5,0,0,True,24,828.53064
554,5,3,3,True,24,449.19482
554,5,6,6,True,23,424.31357
554,5,8,8,True,24,390.99872
554,5,9,9,True,25,1081.3727
555,5,0,0,True,24,744.60864
555,5,3,3,True,24,578.9145
555,5,8,8,True,23,153.9383
556,5,2,2,True,24,662.114
556,5,6,6,True,27,463.58926
556,5,8,8,True,24,131.1564
557,5,0,0,True,26,1357.3721
557,5,3,3,True,24,837.0448
557,5,8,8,True,24,548.38214
558,5,0,0,True,25,938.8184
558,5,8,8,True,23,153.57408
559,5,0,0,True,25,750.6977
559,5,3,3,True,24,593.33044
559,5,8,8,True,24,531.0339
560,5,0,0,True,25,908.4355
560,5,3,3,True,23,376.38678
560,5,8,8,True,24,492.88538
560,5,9,9,True,25,1167.0771
561,5,0,0,True,26,1103.885
561,5,3,3,True,24,566.174
561,5,8,8,True,24,501.12872
562,5,0,0,True,25,1009.76086
562,5,4,4,True,26,1472.5176
562,5,8,8,True,24,502.29474
562,5,9,9,True,25,775.20447
563,5,0,0,True,25,1201.3605
563,5,3,3,True,25,1127.7092
563,5,8,8,True,23,268.987
564,5,3,3,True,24,563.74725
564,5,8,8,True,24,256.01367
565,5,0,0,True,26,1406.0128
565,5,2,2,True,25,1111.5912
565,5,3,3,True,23,148.0304
565,5,8,8,True,23,139.12225
566,5,3,3,True,25,1106.0796
566,5,4,4,True,24,624.78876
566,5,8,8,True,24,324.98923
566,5,9,9,True,25,1108.0636
567,5,0,0,True,25,903.92145
567,5,3,3,True,24,875.1931
567,5,6,6,True,25,1144.807
568,5,3,3,True,25,1236.8052
568,5,8,8,True,23,137.1058
569,5,0,0,True,24,815.6004
569,5,3,3,True,24,951.0915
569,5,8,8,True,23,362.1657
570,5,2,2,True,24,630.48
570,5,6,6,True,26,1476.1294
570,5,8,8,True,23,102.024506
571,5,0,0,True,25,788.4371
571,5,3,3,True,23,429.7441
571,5,8,8,True,23,432.79556
572,5,0,0,True,24,799.8043
572,5,8,8,True,23,263.68542
572,5,9,9,True,25,1158.0056
573,5,0,0,True,26,1435.5786
573,5,8,8,True,24,441.33206
574,5,0,0,True,25,1057.3254
574,5,2,2,True,25,783.02234
574,5,3,3,True,25,263.35907
574,5,4,4,True,25,1065.0577
574,5,6,6,True,23,166.71233
574,5,8,8,True,24,350.89172
575,5,0,0,True,26,1379.9543
575,5,3,3,True,25,1296.8962
575,5,8,8,True,24,427.8259
576,5,8,8,True,24,451.75104
577,5,0,0,True,26,1298.8911
577,5,3,3,True,25,1022.58887
577,5,8,8,True,23,251.43985
578,5,3,3,True,24,564.37756
578,5,8,8,True,23,381.28598
579,5,0,0,True,26,1181.9506
579,5,3,3,True,24,784.78784
579,5,8,8,True,24,625.8962
580,5,0,0,True,25,1075.3274
580,5,3,3,True,25,1019.7573
580,5,6,6,True,26,1406.7263
580,5,8,8,True,23,362.0746
580,5,9,9,True,25,949.94525
581,5,3,3,True,25,1167.9517
581,5,8,8,True,23,156.69078
582,5,0,0,True,25,1136.2535
582,5,3,3,True,26,1267.686
582,5,8,8,True,23,242.07643
583,5,0,0,True,25,881.9853
583,5,3,3,True,25,1146.1719
583,5,8,8,True,23,261.52057
584,5,0,0,True,25,1132.0813
584,5,8,8,True,23,277.98563
585,5,0,0,True,24,496.62863
585,5,3,3,True,25,1216.0316
585,5,8,8,True,24,410.66776
586,5,0,0,True,24,509.96863
586,5,3,3,True,24,917.435
586,5,8,8,True,24,634.52344
587,5,0,0,True,26,1262.452
587,5,3,3,True,24,803.8265
587,5,8,8,True,24,595.4494
588,5,3,3,True,24,771.07654
588,5,8,8,True,23,315.68973
589,5,3,3,True,25,1037.3562
589,5,4,4,True,25,906.7475
589,5,8,8,True,24,516.6159
589,5,9,9,True,25,1186.8193
590,5,0,0,True,26,1395.2645
590,5,6,6,True,26,1496.5183
590,5,8,8,True,23,233.49304
591,5,0,0,True,26,1130.3857
591,5,6,6,True,27,1521.6836
591,5,8,8,True,23,157.34676
592,5,0,0,True,25,862.95074
592,5,8,8,True,24,347.9411
593,5,0,0,True,25,929.21686
593,5,2,2,True,25,1310.3916
593,5,3,3,True,24,523.7242
593,5,6,6,True,27,1517.5458
593,5,8,8,True,24,240.77998
594,5,3,3,True,24,569.3189
594,5,8,8,True,23,244.0881
595,5,3,3,True,24,569.9544
595,5,8,8,True,23,238.55188
596,5,3,3,True,24,633.19666
596,5,8,8,True,24,598.153
597,5,8,8,True,23,136.4881
598,5,2,2,True,25,986.8156
598,5,3,3,True,25,1017.5107
599,5,0,0,True,26,1394.1718
599,5,3,3,True,24,917.9978
599,5,8,8,True,24,555.34406
600,6,2,2,True,24,569.0176
600,6,3,3,True,24,586.493
600,6,5,5,True,24,821.7853
600,6,8,8,True,23,242.58813
601,6,0,0,True,24,684.08185
601,6,2,2,True,24,621.7106
601,6,3,3,True,25,647.00543
601,6,5,5,True,25,946.3266
601,6,8,8,True,25,916.88605
601,6,9,9,True,24,641.711
603,6,0,0,True,27,1505.4335
603,6,2,2,True,27,1457.7091
603,6,4,4,True,25,1059.4017
603,6,7,7,True,27,1518.7794
603,6,8,8,True,24,717.4935
603,6,9,9,True,25,1021.7583
604,6,8,8,True,24,760.9054
604,6,9,9,True,27,1521.3202
605,6,0,0,True,25,1025.998
605,6,8,8,True,24,810.2882
605,6,9,9,True,25,1015.7485
606,6,8,8,True,26,1230.5479
606,6,9,9,True,25,684.79193
607,6,0,0,True,26,1315.6614
607,6,3,3,True,25,994.81104
607,6,4,4,True,27,1516.8273
607,6,8,8,True,23,414.02173
607,6,9,9,True,25,1081.5096
608,6,8,8,True,25,954.8764
609,6,2,2,True,25,917.8584
609,6,4,4,True,24,839.98334
609,6,8,8,True,24,518.5634
609,6,9,9,True,25,1240.0319
610,6,4,4,True,24,674.1884
610,6,8,8,True,25,1230.5039
610,6,9,9,True,27,819.8128
611,6,3,3,True,25,942.2272
611,6,8,8,True,24,729.2908
611,6,9,9,True,25,810.2463
612,6,4,4,True,24,852.33856
612,6,8,8,True,24,466.0633
612,6,9,9,True,27,1421.1763
613,6,4,4,True,24,473.4765
613,6,8,8,True,24,572.4133
613,6,9,9,True,24,727.6723
614,6,0,0,True,24,635.381
614,6,2,2,True,24,947.53577
614,6,3,3,True,24,586.2252
614,6,8,8,True,24,573.9399
614,6,9,9,True,25,928.73895
615,6,0,0,True,25,971.3305
615,6,2,2,True,24,747.2235
615,6,3,3,True,26,836.9074
615,6,8,8,True,25,1006.9498
615,6,9,9,True,24,732.55786
616,6,0,0,True,24,853.42896
616,6,2,2,True,24,863.59656
617,6,0,0,True,24,659.173
617,6,2,2,True,25,1186.8896
617,6,8,8,True,26,1055.2203
618,6,8,8,True,24,665.1511
619,6,8,8,True,24,558.198
619,6,9,9,True,24,575.05914
620,6,2,2,True,24,700.6868
620,6,8,8,True,25,887.4063
621,6,8,8,True,24,771.4908
622,6,0,0,True,26,1267.9542
622,6,7,7,True,25,1158.3406
622,6,9,9,True,26,1241.839
623,6,2,2,True,24,874.79486
623,6,4,4,True,25,1201.3026
623,6,8,8,True,25,1068.8499
623,6,9,9,True,25,1227.7341
624,6,0,0,True,26,1268.1613
624,6,8,8,True,26,1406.506
624,6,9,9,True,26,1385.9113
625,6,5,5,True,23,314.14645
625,6,8,8,True,25,596.9899
625,6,9,9,True,25,679.33057
626,6,0,0,True,24,838.39905
626,6,4,4,True,24,749.3871
626,6,8,8,True,26,1439.4276
626,6,9,9,True,25,781.98145
627,6,0,0,True,24,676.8781
627,6,2,2,True,26,1226.0171
627,6,3,3,True,26,1512.3303
627,6,8,8,True,24,516.01355
627,6,9,9,True,26,1470.0021
628,6,8,8,True,24,833.3481
628,6,9,9,True,25,776.2519
629,6,2,2,True,25,777.55383
629,6,4,4,True,27,1382.4308
629,6,8,8,True,26,887.80176
629,6,9,9,True,25,966.04346
630,6,0,0,True,24,795.8335
630,6,8,8,True,24,397.28076
631,6,3,3,True,24,658.9522
631,6,8,8,True,25,581.5582
631,6,9,9,True,25,969.11194
632,6,0,0,True,26,1405.1943
632,6,2,2,True,25,1220.0942
632,6,5,5,True,25,1266.2657
632,6,8,8,True,23,460.46606
632,6,9,9,True,27,1326.3593
633,6,2,2,True,24,582.9194
633,6,8,8,True,24,515.33386
633,6,9,9,True,27,1484.2931
634,6,2,2,True,24,947.57587
634,6,8,8,True,24,588.5049
634,6,9,9,True,25,1232.4882
635,6,0,0,True,24,528.2338
635,6,8,8,True,24,825.59375
635,6,9,9,True,24,519.9231
636,6,0,0,True,24,509.4497
636,6,2,2,True,25,1321.6202
636,6,8,8,True,26,1511.7777
637,6,5,5,True,25,1287.4879
637,6,8,8,True,23,434.61478
637,6,9,9,True,25,1211.6373
638,6,0,0,True,24,653.3567
638,6,2,2,True,23,399.8387
638,6,3,3,True,25,1288.6381
639,6,0,0,True,24,510.94617
639,6,2,2,True,24,891.14026
639,6,8,8,True,24,882.37067
640,6,2,2,True,24,555.38007
640,6,8,8,True,24,638.28674
641,6,4,4,True,26,1393.6094
641,6,8,8,True,25,874.9903
642,6,2,2,True,24,772.901
642,6,3,3,True,24,636.6365
642,6,4,4,True,25,1136.9138
642,6,8,8,True,24,641.8629
642,6,9,9,True,24,691.4846
643,6,3,3,True,24,609.6212
643,6,8,8,True,24,574.9922
644,6,3,3,True,26,1515.6725
644,6,8,8,True,24,579.20374
644,6,9,9,True,25,802.478
645,6,2,2,True,24,768.9948
645,6,9,9,True,26,1491.2048
646,6,5,5,True,25,1231.3318
646,6,8,8,True,25,740.95886
646,6,9,9,True,26,1242.0314
647,6,4,4,True,24,818.8284
647,6,5,5,True,25,1241.6102
647,6,8,8,True,23,450.22882
647,6,9,9,True,26,1379.6366
648,6,3,3,True,25,1158.3372
648,6,8,8,True,27,889.1046
648,6,9,9,True,25,679.8941
649,6,2,2,True,24,906.8059
649,6,8,8,True,25,1108.1918
649,6,9,9,True,25,1252.7909
650,6,0,0,True,26,1210.9562
650,6,3,3,True,26,1404.2699
650,6,8,8,True,24,467.26437
651,6,4,4,True,26,1510.292
651,6,8,8,True,27,1496.9666
652,6,3,3,True,24,833.9167
652,6,8,8,True,23,68.18358
652,6,9,9,True,25,1223.6425
653,6,2,2,True,25,652.19476
653,6,8,8,True,24,553.2405
654,6,0,0,True,26,1455.6044
654,6,3,3,True,26,1045.5979
654,6,5,5,True,26,1521.0519
654,6,7,7,True,24,969.55457
654,6,8,8,True,26,1195.0184
654,6,9,9,True,25,1069.492
655,6,3,3,True,24,900.57983
656,6,0,0,True,24,68.33008
656,6,8,8,True,24,330.88065
657,6,0,0,True,26,1370.6202
657,6,8,8,True,26,834.4747
657,6,9,9,True,25,1058.5438
658,6,8,8,True,26,1074.3384
658,6,9,9,True,26,1220.6814
659,6,0,0,True,25,476.7599
659,6,2,2,True,25,815.8229
659,6,8,8,True,25,807.04584
659,6,9,9,True,26,1485.7117
660,6,3,3,True,26,1513.1857
660,6,8,8,True,26,1457.6598
661,6,2,2,True,24,692.47815
661,6,4,4,True,25,1131.4203
661,6,8,8,True,25,956.5051
661,6,9,9,True,25,1131.8824
662,6,2,2,True,24,865.41724
662,6,4,4,True,26,983.9395
662,6,8,8,True,24,582.97424
662,6,9,9,True,24,457.33685
663,6,3,3,True,24,940.4472
663,6,8,8,True,24,744.74896
663,6,9,9,True,26,1396.4813
664,6,0,0,True,24,165.40556
664,6,2,2,True,27,1521.2596
664,6,3,3,True,26,624.9008
664,6,4,4,True,23,200.7237
664,6,8,8,True,24,487.24326
664,6,9,9,True,24,407.26526
665,6,5,5,True,26,1524.127
665,6,8,8,True,23,68.52007
666,6,2,2,True,24,881.2349
666,6,3,3,True,26,1281.7671
666,6,8,8,True,25,847.12866
666,6,9,9,True,26,1432.5858
667,6,2,2,True,24,865.10114
667,6,4,4,True,25,1062.3328
667,6,8,8,True,24,588.03314
667,6,9,9,True,24,860.28076
668,6,4,4,True,24,734.4447
668,6,8,8,True,24,515.03784
669,6,2,2,True,24,580.31024
670,6,2,2,True,25,1062.5577
670,6,4,4,True,24,676.1915
670,6,8,8,True,26,1191.4377
670,6,9,9,True,24,742.2803
671,6,0,0,True,26,1286.4226
671,6,2,2,True,26,1456.5415
671,6,3,3,True,25,810.4813
671,6,4,4,True,24,800.5504
672,6,8,8,True,24,588.3409
673,6,0,0,True,24,795.59033
673,6,2,2,True,24,868.7658
673,6,8,8,True,26,668.3128
674,6,3,3,True,24,875.4519
674,6,8,8,True,24,659.05005
675,6,5,5,True,26,1262.3019
675,6,8,8,True,24,363.26712
675,6,9,9,True,25,684.93866
676,6,0,0,True,24,522.93787
676,6,2,2,True,23,186.3062
676,6,5,5,True,25,1122.4197
676,6,9,9,True,25,1152.1177
677,6,0,0,True,26,1326.9574
677,6,2,2,True,24,884.3252
677,6,3,3,True,26,1171.4589
677,6,8,8,True,24,567.2557
677,6,9,9,True,26,1519.5614
678,6,2,2,True,24,675.33325
678,6,3,3,True,24,592.7799
678,6,8,8,True,23,392.5914
679,6,8,8,True,24,570.1316
679,6,9,9,True,27,1195.4652
680,6,0,0,True,24,455.74115
680,6,2,2,True,24,838.65546
680,6,3,3,True,25,878.674
680,6,4,4,True,25,1204.4222
680,6,5,5,True,23,453.13684
680,6,9,9,True,26,1310.4308
681,6,2,2,True,24,878.9107
681,6,9,9,True,25,929.5655
682,6,2,2,True,24,586.68646
682,6,3,3,True,24,843.5218
682,6,8,8,True,24,542.49976
682,6,9,9,True,25,1195.6116
683,6,8,8,True,23,175.2056
683,6,9,9,True,27,1435.8733
684,6,2,2,True,24,896.32135
684,6,8,8,True,24,698.308
684,6,9,9,True,26,1200.4774
685,6,0,0,True,23,400.04126
685,6,2,2,True,25,1203.605
685,6,3,3,True,24,792.527
685,6,5,5,True,24,896.58185
685,6,8,8,True,25,848.63654
685,6,9,9,True,24,837.7022
686,6,3,3,True,25,1024.7673
686,6,8,8,True,23,414.22458
686,6,9,9,True,24,830.5269
687,6,8,8,True,24,590.08813
687,6,9,9,True,25,821.1833
688,6,0,0,True,24,463.92456
688,6,5,5,True,25,1307.9641
688,6,9,9,True,24,640.35693
689,6,2,2,True,24,910.1939
689,6,4,4,True,25,1238.5798
689,6,8,8,True,25,813.9318
690,6,2,2,True,24,691.1382
690,6,3,3,True,25,1342.8138
690,6,8,8,True,24,666.70233
690,6,9,9,True,26,1469.8932
691,6,0,0,True,24,540.1574
691,6,8,8,True,25,634.0757
692,6,5,5,True,25,1314.9437
692,6,8,8,True,24,554.0
693,6,2,2,True,25,1149.5043
693,6,8,8,True,24,543.6966
694,6,3,3,True,24,868.10944
694,6,8,8,True,24,502.73352
695,6,8,8,True,26,1469.2876
696,6,2,2,True,25,766.5429
696,6,8,8,True,24,508.61676
697,6,2,2,True,25,1220.4933
697,6,3,3,True,24,770.62445
697,6,9,9,True,24,811.408
698,6,2,2,True,24,889.4178
698,6,3,3,True,25,1177.7363
698,6,8,8,True,25,625.479
699,6,3,3,True,25,1180.7192
699,6,8,8,True,24,790.1753
700,7,2,2,True,23,73.409805
700,7,3,3,True,24,492.3525
700,7,5,5,True,25,956.7183
700,7,8,8,True,24,566.93384
700,7,9,9,True,27,1385.3368
701,7,2,2,True,23,55.578773
701,7,8,8,True,24,243.64934
701,7,9,9,True,23,351.74707
702,7,0,0,True,23,346.95676
702,7,2,2,True,24,162.68681
702,7,3,3,True,23,110.810646
702,7,8,8,True,24,424.64926
702,7,9,9,True,24,779.2028
703,7,0,0,True,25,1017.2556
703,7,2,2,True,24,492.61142
703,7,3,3,True,25,620.11127
703,7,8,8,True,24,424.22635
703,7,9,9,True,24,533.6703
704,7,0,0,True,23,428.60355
704,7,2,2,True,24,503.3488
704,7,3,3,True,25,695.38837
704,7,4,4,True,26,555.94604
704,7,8,8,True,24,554.05774
704,7,9,9,True,25,665.22705
705,7,2,2,True,27,1521.4086
705,7,3,3,True,23,385.92746
705,7,9,9,True,24,736.1861
706,7,0,0,True,27,1496.7678
706,7,2,2,True,23,181.49931
706,7,3,3,True,23,307.55975
706,7,8,8,True,23,325.53955
707,7,0,0,True,25,1012.2722
707,7,2,2,True,27,1520.8922
707,7,4,4,True,24,604.0728
707,7,8,8,True,23,265.6539
707,7,9,9,True,24,831.6195
708,7,0,0,True,25,670.15295
708,7,2,2,True,23,110.55768
708,7,3,3,True,23,128.65846
708,7,5,5,True,24,766.8116
708,7,8,8,True,24,324.0139
708,7,9,9,True,24,638.611
709,7,2,2,True,24,858.2488
709,7,3,3,True,23,90.60353
709,7,5,5,True,23,322.88232
709,7,6,6,True,26,1315.6022
709,7,8,8,True,23,384.8714
709,7,9,9,True,23,382.41992
710,7,2,2,True,23,55.533775
710,7,8,8,True,23,104.775955
711,7,0,0,True,24,817.5506
712,7,2,2,True,23,36.837482
712,7,3,3,True,24,157.4738
712,7,5,5,True,26,1373.6396
712,7,8,8,True,24,459.09476
713,7,0,0,True,25,664.07306
713,7,2,2,True,24,207.05313
713,7,3,3,True,24,220.44727
713,7,5,5,True,23,348.68466
713,7,8,8,True,24,485.338
713,7,9,9,True,23,349.1776
714,7,0,0,True,24,776.5526
714,7,2,2,True,24,94.435165
714,7,3,3,True,24,567.49976
714,7,8,8,True,24,178.7736
714,7,9,9,True,24,532.5664
715,7,3,3,True,23,112.08033
715,7,4,4,True,27,1462.3573
715,7,8,8,True,24,491.1619
715,7,9,9,True,26,871.40173
716,7,0,0,True,24,526.90985
716,7,3,3,True,25,978.2019
716,7,9,9,True,23,350.70786
717,7,2,2,True,23,73.232506
717,7,3,3,True,23,381.79837
717,7,5,5,True,25,1133.4633
717,7,9,9,True,24,594.7176
718,7,0,0,True,24,561.6734
718,7,2,2,True,24,579.47217
718,7,3,3,True,23,148.56648
718,7,4,4,True,25,939.97125
718,7,5,5,True,23,55.542778
718,7,6,6,True,24,416.68814
718,7,8,8,True,24,387.5758
718,7,9,9,True,23,356.9622
719,7,2,2,True,23,56.81549
719,7,3,3,True,24,817.1695
719,7,8,8,True,23,158.13602
719,7,9,9,True,25,844.6846
720,7,2,2,True,23,91.18662
720,7,3,3,True,24,485.87036
720,7,8,8,True,23,327.5851
721,7,2,2,True,23,55.964275
721,7,3,3,True,24,858.76886
721,7,8,8,True,23,125.56274
721,7,9,9,True,24,762.7516
722,7,2,2,True,23,109.859
722,7,3,3,True,24,782.05884
722,7,8,8,True,24,512.4802
723,7,2,2,True,23,55.551777
723,7,3,3,True,25,933.55554
723,7,8,8,True,23,103.95672
724,7,0,0,True,25,775.9504
724,7,2,2,True,25,1152.8179
724,7,3,3,True,24,296.54175
724,7,8,8,True,24,327.5683
724,7,9,9,True,24,600.80615
725,7,0,0,True,25,702.1802
725,7,2,2,True,24,566.17224
725,7,3,3,True,23,109.12378
725,7,8,8,True,24,330.23932
725,7,9,9,True,23,351.43704
726,7,0,0,True,24,758.2974
726,7,2,2,True,23,110.7023
726,7,8,8,True,23,387.67255
726,7,9,9,True,27,1429.5692
727,7,0,0,True,25,884.3715
727,7,2,2,True,23,72.67049
727,7,3,3,True,24,270.47736
727,7,5,5,True,25,1152.8868
727,7,8,8,True,24,554.4177
727,7,9,9,True,24,651.07605
728,7,0,0,True,23,296.42874
728,7,2,2,True,24,255.71664
728,7,3,3,True,24,407.96323
728,7,5,5,True,23,199.1984
728,7,6,6,True,25,941.00214
728,7,8,8,True,24,398.53983
729,7,0,0,True,24,776.95044
729,7,2,2,True,23,73.198364
729,7,3,3,True,23,361.92957
729,7,8,8,True,23,315.63586
730,7,2,2,True,23,56.142673
730,7,8,8,True,23,208.25226
731,7,2,2,True,23,106.99533
731,7,3,3,True,24,482.2354
731,7,8,8,True,23,325.2276
732,7,8,8,True,23,428.80997
732,7,9,9,True,26,826.4297
733,7,2,2,True,24,113.789276
733,7,3,3,True,23,438.47577
733,7,4,4,True,26,1272.533
733,7,8,8,True,23,243.76218
733,7,9,9,True,23,355.3238
734,7,2,2,True,23,55.40758
734,7,8,8,True,24,278.7759
734,7,9,9,True,23,410.82477
735,7,2,2,True,23,55.560776
735,7,3,3,True,23,441.23462
735,7,5,5,True,25,1267.5212
735,7,8,8,True,23,330.73102
735,7,9,9,True,23,316.7933
736,7,2,2,True,23,55.127125
736,7,3,3,True,23,259.77682
736,7,8,8,True,24,382.84592
736,7,9,9,True,26,1376.8853
737,7,2,2,True,24,477.2777
737,7,3,3,True,23,353.93503
737,7,6,6,True,27,1502.7908
737,7,8,8,True,23,210.649
737,7,9,9,True,23,422.69138
738,7,2,2,True,23,36.93237
738,7,3,3,True,23,110.276924
738,7,5,5,True,25,983.54816
738,7,8,8,True,24,719.155
738,7,9,9,True,25,1212.6941
739,7,0,0,True,24,515.4726
739,7,2,2,True,23,73.674965
739,7,3,3,True,23,109.535385
739,7,5,5,True,24,832.5791
739,7,8,8,True,25,1070.5845
740,7,2,2,True,23,36.53765
740,7,3,3,True,23,107.80074
740,7,5,5,True,24,867.4497
740,7,8,8,True,24,640.20856
740,7,9,9,True,24,557.45496
741,7,3,3,True,24,833.76917
741,7,8,8,True,23,328.5666
741,7,9,9,True,24,823.34015
742,7,3,3,True,23,92.47162
742,7,4,4,True,23,257.2353
742,7,6,6,True,27,1255.7229
742,7,8,8,True,23,297.0303
743,7,0,0,True,23,186.63602
743,7,2,2,True,23,395.4567
743,7,3,3,True,24,529.8868
743,7,6,6,True,24,733.4923
743,7,8,8,True,24,572.69714
743,7,9,9,True,26,664.9767
744,7,2,2,True,24,642.8204
744,7,4,4,True,24,875.6386
744,7,5,5,True,24,803.53156
744,7,6,6,True,26,1355.779
744,7,8,8,True,23,420.70416
745,7,2,2,True,24,184.05434
745,7,3,3,True,24,565.6253
745,7,4,4,True,24,297.03873
745,7,8,8,True,24,335.1179
745,7,9,9,True,24,479.41318
746,7,0,0,True,25,641.8037
746,7,8,8,True,24,370.2553
747,7,2,2,True,23,73.1847
747,7,3,3,True,24,804.1076
747,7,8,8,True,23,346.09247
747,7,9,9,True,24,450.70502
748,7,2,2,True,23,329.1869
748,7,3,3,True,23,254.58202
748,7,5,5,True,26,1442.0967
748,7,8,8,True,24,739.7851
748,7,9,9,True,27,1512.2986
749,7,2,2,True,23,75.67695
749,7,3,3,True,24,677.1625
749,7,9,9,True,26,1470.4098
750,7,3,3,True,24,903.922
750,7,8,8,True,24,381.1758
750,7,9,9,True,24,822.9538
751,7,2,2,True,23,73.37575
751,7,3,3,True,23,128.0
751,7,6,6,True,27,1412.2928
751,7,8,8,True,24,541.02124
751,7,9,9,True,25,940.0755
752,7,0,0,True,25,1024.1333
752,7,2,2,True,25,1245.3706
752,7,3,3,True,24,249.986
752,7,5,5,True,24,864.8156
752,7,8,8,True,24,313.54266
752,7,9,9,True,24,392.66272
753,7,0,0,True,24,594.96893
753,7,2,2,True,26,1515.7638
753,7,4,4,True,23,253.97638
753,7,8,8,True,24,334.06885
753,7,9,9,True,25,895.6316
754,7,0,0,True,25,960.3666
754,7,2,2,True,24,177.5669
754,7,3,3,True,23,350.78342
754,7,5,5,True,23,348.80798
754,7,8,8,True,24,394.92404
755,7,2,2,True,23,131.06868
755,7,8,8,True,23,468.84006
756,7,2,2,True,23,74.18895
756,7,3,3,True,24,546.8144
756,7,8,8,True,23,230.9069
756,7,9,9,True,24,555.03064
757,7,0,0,True,23,410.41565
757,7,2,2,True,24,164.65723
757,7,3,3,True,24,764.7352
757,7,9,9,True,24,535.06445
758,7,0,0,True,27,802.6668
758,7,4,4,True,26,1401.0646
758,7,5,5,True,24,930.36017
758,7,6,6,True,24,735.7316
758,7,8,8,True,23,421.55426
758,7,9,9,True,23,366.50784
759,7,2,2,True,23,74.73286
759,7,8,8,True,23,460.9436
760,7,3,3,True,25,1151.9727
760,7,4,4,True,23,432.83023
760,7,6,6,True,26,1502.411
760,7,8,8,True,23,121.65114
760,7,9,9,True,23,340.7624
761,7,0,0,True,26,1499.3779
761,7,3,3,True,24,739.80334
761,7,4,4,True,23,291.527
761,7,8,8,True,24,361.8591
761,7,9,9,True,25,1066.6991
762,7,0,0,True,23,295.82596
762,7,3,3,True,24,517.1354
762,7,8,8,True,24,839.8661
762,7,9,9,True,24,537.38257
763,7,0,0,True,24,473.2251
763,7,2,2,True,24,335.97916
763,7,3,3,True,24,893.4109
763,7,8,8,True,23,392.35062
763,7,9,9,True,24,660.90845
764,7,0,0,True,24,805.3987
764,7,2,2,True,24,171.84004
764,7,3,3,True,24,627.7603
764,7,8,8,True,24,347.6996
764,7,9,9,True,27,1516.4597
765,7,0,0,True,25,777.35
765,7,5,5,True,24,941.31714
765,7,6,6,True,25,1058.5863
765,7,8,8,True,23,244.33174
765,7,9,9,True,24,517.5365
766,7,3,3,True,25,798.90924
766,7,8,8,True,23,347.51978
766,7,9,9,True,25,976.4727
767,7,0,0,True,23,51.293274
767,7,3,3,True,25,1181.0609
767,7,4,4,True,25,956.0926
767,7,8,8,True,24,122.3356
767,7,9,9,True,24,458.55533
768,7,0,0,True,24,502.1185
768,7,2,2,True,23,36.823906
768,7,3,3,True,25,1110.6521
768,7,8,8,True,24,352.4046
768,7,9,9,True,23,286.11362
769,7,0,0,True,25,1176.0166
769,7,2,2,True,23,167.76471
769,7,3,3,True,24,596.4076
769,7,8,8,True,24,328.98785
769,7,9,9,True,24,518.98553
770,7,0,0,True,24,784.4839
770,7,2,2,True,23,72.67737
770,7,3,3,True,24,574.59467
770,7,5,5,True,26,1392.4884
770,7,8,8,True,24,593.2875
770,7,9,9,True,26,523.6602
771,7,0,0,True,25,1113.4137
771,7,2,2,True,23,72.72551
771,7,3,3,True,24,480.3124
771,7,8,8,True,24,369.1314
772,7,2,2,True,23,36.769554
772,7,3,3,True,23,456.49207
772,7,8,8,True,24,407.71683
773,7,3,3,True,23,106.99533
773,7,8,8,True,26,1259.8234
774,7,0,0,True,23,117.28597
774,7,3,3,True,24,829.6017
774,7,5,5,True,23,436.26596
774,7,6,6,True,25,1025.7368
774,7,8,8,True,24,811.9557
774,7,9,9,True,23,405.33688
775,7,0,0,True,24,617.9523
775,7,2,2,True,24,179.05307
775,7,3,3,True,24,765.3241
775,7,8,8,True,23,427.34412
775,7,9,9,True,23,368.7099
776,7,2,2,True,24,517.71326
776,7,8,8,True,24,424.621
776,7,9,9,True,27,1342.434
777,7,0,0,True,24,638.54443
777,7,3,3,True,26,1522.7672
777,7,4,4,True,23,333.04355
777,7,9,9,True,23,375.99734
778,7,0,0,True,24,788.1745
778,7,2,2,True,23,110.19528
778,7,3,3,True,23,362.08978
778,7,6,6,True,26,1096.1578
778,7,8,8,True,25,1163.9596
778,7,9,9,True,26,1345.1458
779,7,4,4,True,26,1519.7651
779,7,6,6,True,25,744.0336
779,7,8,8,True,23,395.827
779,7,9,9,True,24,510.36948
780,7,2,2,True,24,83.546394
780,7,3,3,True,24,146.74467
780,7,5,5,True,23,255.31744
780,7,6,6,True,26,1286.1038
780,7,9,9,True,24,507.53326
781,7,3,3,True,24,770.1597
781,7,5,5,True,25,1218.3062
781,7,8,8,True,23,255.85933
781,7,9,9,True,23,342.57553
782,7,5,5,True,24,429.12354
782,7,6,6,True,26,1510.3403
782,7,8,8,True,23,333.81583
782,7,9,9,True,23,405.54037
783,7,2,2,True,23,54.772255
783,7,3,3,True,25,1158.9392
783,7,8,8,True,24,627.33246
784,7,2,2,True,23,111.42262
784,7,3,3,True,24,635.4172
784,7,6,6,True,26,1472.927
784,7,8,8,True,24,284.85434
785,7,2,2,True,24,492.35657
785,7,3,3,True,24,257.07974
785,7,4,4,True,25,1022.0279
785,7,5,5,True,26,1513.5055
785,7,8,8,True,23,383.20752
785,7,9,9,True,24,738.4511
786,7,2,2,True,23,478.1872
786,7,3,3,True,23,274.0675
786,7,5,5,True,24,831.4481
786,7,8,8,True,23,348.93552
786,7,9,9,True,23,427.3336
787,7,2,2,True,24,84.545845
787,7,3,3,True,24,456.7089
787,7,5,5,True,25,1132.7233
787,7,8,8,True,24,451.81192
787,7,9,9,True,23,352.2868
788,7,0,0,True,24,569.0211
788,7,3,3,True,25,1199.1552
788,7,5,5,True,25,1263.4093
788,7,8,8,True,25,741.5369
788,7,9,9,True,23,219.26697
789,7,2,2,True,26,734.5611
789,7,3,3,True,24,589.3089
789,7,5,5,True,23,341.8991
789,7,6,6,True,26,1375.0287
789,7,8,8,True,24,527.26465
789,7,9,9,True,24,612.3847
790,7,3,3,True,24,608.1653
790,7,9,9,True,23,406.1367
791,7,2,2,True,23,467.87927
791,7,8,8,True,23,323.0124
791,7,9,9,True,24,698.7267
792,7,0,0,True,24,831.29236
792,7,2,2,True,23,74.19569
792,7,3,3,True,25,1181.6464
792,7,8,8,True,23,406.0308
793,7,2,2,True,25,433.14432
793,7,3,3,True,23,349.51968
793,7,8,8,True,23,391.66696
793,7,9,9,True,24,581.11017
794,7,2,2,True,24,691.729
794,7,3,3,True,24,424.59982
794,7,8,8,True,23,104.79981
794,7,9,9,True,25,830.5763
795,7,0,0,True,23,361.4319
795,7,2,2,True,24,196.97969
795,7,3,3,True,24,342.8542
795,7,4,4,True,24,47.318073
795,7,8,8,True,24,345.42728
795,7,9,9,True,23,421.73688
796,7,0,0,True,24,490.835
796,7,2,2,True,23,91.89124
796,7,3,3,True,27,1170.382
796,7,9,9,True,27,1339.7776
797,7,0,0,True,24,512.6617
797,7,2,2,True,23,73.790245
797,7,3,3,True,23,256.09763
797,7,5,5,True,27,1522.3981
797,7,9,9,True,24,896.0625
798,7,0,0,True,25,761.4283
798,7,2,2,True,23,73.13002
798,7,3,3,True,23,55.090836
798,7,5,5,True,24,478.23215
798,7,6,6,True,27,960.47595
798,7,8,8,True,24,636.96704
798,7,9,9,True,24,396.99243
799,7,2,2,True,24,525.7043
799,7,5,5,True,26,1505.924
799,7,8,8,True,23,313.99362
814,8,6,6,True,25,1220.731
841,8,3,3,True,24,794.84717
843,8,0,0,True,26,1349.1798
854,8,3,3,True,25,1199.0668
876,8,0,0,True,26,1501.8406
885,8,2,2,True,26,1520.3987
891,8,2,2,True,26,1370.2689
891,8,7,7,True,26,1443.2543
895,8,0,0,True,26,1341.9829
895,8,3,3,True,25,926.1863
900,9,3,3,True,25,1031.6652
900,9,4,4,True,24,725.13586
900,9,8,8,True,23,446.6307
901,9,3,3,True,25,700.9715
901,9,4,4,True,25,1071.2288
901,9,8,8,True,23,99.6544
902,9,3,3,True,25,927.10626
902,9,4,4,True,25,898.81256
902,9,8,8,True,24,377.19092
903,9,3,3,True,23,361.4886
903,9,4,4,True,26,980.23364
903,9,7,7,True,25,1107.3202
903,9,8,8,True,24,250.4496
904,9,3,3,True,23,106.63489
904,9,5,5,True,24,677.2267
904,9,8,8,True,23,114.28036
905,9,3,3,True,25,1047.0659
905,9,4,4,True,25,1012.727
905,9,5,5,True,24,124.92798
905,9,6,6,True,26,1436.9447
905,9,8,8,True,24,348.46664
906,9,3,3,True,24,748.6368
906,9,4,4,True,25,925.2978
906,9,8,8,True,24,368.44537
907,9,3,3,True,24,738.94116
907,9,4,4,True,25,1168.5414
907,9,8,8,True,23,219.2282
908,9,3,3,True,24,211.1303
908,9,4,4,True,25,1006.09045
908,9,7,7,True,24,884.37604
908,9,8,8,True,23,351.73853
909,9,4,4,True,26,1319.3378
909,9,8,8,True,25,729.5074
910,9,0,0,True,24,377.51953
910,9,2,2,True,25,1077.156
910,9,3,3,True,25,934.2783
910,9,4,4,True,25,648.0085
910,9,6,6,True,25,669.4924
910,9,8,8,True,24,360.00418
911,9,4,4,True,24,269.46613
911,9,8,8,True,24,364.45026
912,9,4,4,True,24,709.40326
912,9,5,5,True,24,104.10571
912,9,8,8,True,24,347.157
913,9,3,3,True,25,1291.1681
913,9,4,4,True,25,1163.6357
913,9,6,6,True,24,597.6412
913,9,8,8,True,24,354.1497
914,9,3,3,True,24,735.74316
914,9,4,4,True,25,1109.3246
915,9,3,3,True,24,561.7001
915,9,4,4,True,24,623.657
915,9,5,5,True,25,1227.123
915,9,8,8,True,23,100.26465
916,9,3,3,True,23,296.01013
916,9,8,8,True,24,145.59189
917,9,2,2,True,27,1441.5426
917,9,3,3,True,24,256.164
917,9,4,4,True,24,603.87335
917,9,7,7,True,24,845.2603
917,9,8,8,True,24,217.40746
918,9,3,3,True,24,205.25838
918,9,4,4,True,26,1348.8962
918,9,5,5,True,23,53.40412
918,9,8,8,True,23,182.85786
919,9,3,3,True,24,196.82988
919,9,4,4,True,25,950.04474
919,9,5,5,True,24,678.31335
919,9,8,8,True,24,276.7833
920,9,3,3,True,25,949.9268
920,9,8,8,True,24,493.30212
921,9,3,3,True,24,73.11635
921,9,8,8,True,24,275.5304
922,9,0,0,True,25,782.6864
922,9,3,3,True,24,701.2425
922,9,4,4,True,26,1310.3805
922,9,6,6,True,24,766.4366
922,9,7,7,True,23,355.64447
922,9,8,8,True,24,242.1074
923,9,4,4,True,25,1162.9166
923,9,8,8,True,24,752.70447
924,9,0,0,True,26,1234.1508
924,9,3,3,True,25,1000.23895
924,9,8,8,True,24,211.75458
925,9,0,0,True,26,1129.2705
925,9,3,3,True,24,176.8078
925,9,4,4,True,25,874.5759
925,9,8,8,True,24,265.9361
926,9,4,4,True,24,386.40524
926,9,8,8,True,24,442.31662
927,9,3,3,True,24,313.41986
927,9,4,4,True,25,959.6385
927,9,5,5,True,24,870.29364
927,9,8,8,True,24,334.5699
928,9,0,0,True,24,495.44424
928,9,3,3,True,24,220.4881
928,9,8,8,True,25,650.1877
929,9,3,3,True,24,594.435
929,9,4,4,True,26,1438.8568
929,9,8,8,True,23,83.018074
930,9,3,3,True,25,781.17926
930,9,4,4,True,24,574.1228
930,9,6,6,True,27,1496.5433
930,9,8,8,True,24,257.6684
931,9,3,3,True,26,1362.6254
931,9,4,4,True,26,1310.9131
931,9,8,8,True,24,389.4175
932,9,3,3,True,26,1142.1016
932,9,5,5,True,23,467.01926
933,9,3,3,True,24,666.2274
933,9,4,4,True,25,1018.01324
933,9,8,8,True,23,237.04008
934,9,3,3,True,25,220.53798
934,9,4,4,True,25,904.61816
934,9,5,5,True,26,1480.1388
934,9,8,8,True,24,323.45325
935,9,3,3,True,24,789.13245
935,9,4,4,True,25,1077.0111
935,9,8,8,True,23,221.00905
936,9,4,4,True,24,458.47354
936,9,8,8,True,24,825.52045
937,9,3,3,True,24,275.4106
937,9,4,4,True,24,594.53595
938,9,2,2,True,25,1000.6433
938,9,3,3,True,24,152.52869
938,9,4,4,True,23,344.2528
938,9,5,5,True,24,661.10284
938,9,7,7,True,25,1294.0881
938,9,8,8,True,24,403.9183
939,9,3,3,True,24,284.93683
939,9,4,4,True,25,890.3078
939,9,5,5,True,26,1491.1831
939,9,8,8,True,24,227.79816
940,9,3,3,True,24,496.6256
940,9,4,4,True,26,1328.813
940,9,5,5,True,26,1366.6459
940,9,8,8,True,23,84.21401
941,9,4,4,True,25,923.77704
942,9,3,3,True,26,1483.8501
942,9,8,8,True,25,727.68677
943,9,3,3,True,25,642.38153
943,9,7,7,True,26,1516.257
943,9,8,8,True,24,337.6374
944,9,3,3,True,24,722.36005
944,9,8,8,True,23,339.94852
945,9,3,3,True,24,448.85522
945,9,4,4,True,24,803.81964
945,9,8,8,True,23,407.47025
946,9,3,3,True,24,593.8022
946,9,8,8,True,23,116.83321
947,9,0,0,True,24,582.7675
947,9,3,3,True,25,956.17676
947,9,4,4,True,26,1340.0149
947,9,5,5,True,25,842.0083
947,9,8,8,True,25,781.74866
948,9,7,7,True,26,1401.7764
948,9,8,8,True,24,212.10611
949,9,3,3,True,24,562.7353
949,9,4,4,True,23,365.14243
949,9,8,8,True,23,367.00272
950,9,3,3,True,24,401.486
950,9,4,4,True,25,1165.4081
950,9,8,8,True,23,165.22711
951,9,3,3,True,23,199.51692
951,9,4,4,True,25,1011.045
951,9,8,8,True,24,651.05914
952,9,3,3,True,25,913.9644
952,9,4,4,True,24,549.07556
952,9,8,8,True,23,167.56491
953,9,2,2,True,26,1429.5002
953,9,3,3,True,23,448.69254
953,9,4,4,True,24,800.3337
953,9,5,5,True,25,1103.0009
953,9,8,8,True,23,117.4436
954,9,3,3,True,25,1015.1744
954,9,4,4,True,23,344.16565
954,9,8,8,True,23,382.53497
955,9,2,2,True,26,1418.896
955,9,3,3,True,23,179.48816
955,9,4,4,True,26,1323.9215
955,9,5,5,True,24,748.5733
955,9,8,8,True,24,592.0228
956,9,3,3,True,23,325.80057
956,9,4,4,True,25,889.03094
956,9,6,6,True,25,902.0682
956,9,7,7,True,23,388.36453
956,9,8,8,True,23,116.83321
957,9,3,3,True,24,556.50964
957,9,8,8,True,23,235.48036
958,9,0,0,True,23,166.0241
959,9,3,3,True,25,1177.6357
959,9,8,8,True,24,521.6953
960,9,2,2,True,26,1482.0958
960,9,3,3,True,24,595.268
960,9,8,8,True,24,404.22272
961,9,2,2,True,26,1469.2825
961,9,3,3,True,24,773.7325
961,9,4,4,True,25,1143.3486
962,9,3,3,True,25,951.9123
962,9,4,4,True,26,1493.216
962,9,8,8,True,23,253.0988
963,9,3,3,True,23,215.18364
963,9,4,4,True,24,617.9409
963,9,8,8,True,23,181.57918
964,9,3,3,True,25,435.58008
964,9,8,8,True,24,390.07947
965,9,3,3,True,24,92.249664
965,9,4,4,True,25,1058.7114
965,9,8,8,True,23,277.94604
966,9,2,2,True,25,1199.7345
966,9,3,3,True,25,648.6262
966,9,4,4,True,24,799.90063
966,9,8,8,True,24,256.48196
967,9,0,0,True,24,775.4128
967,9,2,2,True,23,128.32771
967,9,3,3,True,24,386.8139
967,9,8,8,True,23,397.63425
968,9,3,3,True,26,954.2369
968,9,4,4,True,26,1136.3015
968,9,8,8,True,24,431.2053
969,9,3,3,True,24,353.3044
969,9,4,4,True,24,605.5345
969,9,8,8,True,24,231.48866
970,9,3,3,True,24,716.10333
970,9,4,4,True,25,662.9216
970,9,5,5,True,23,215.65945
970,9,8,8,True,23,198.34314
971,9,3,3,True,23,217.66028
971,9,4,4,True,25,1067.7018
971,9,5,5,True,25,1216.3174
971,9,7,7,True,23,214.66252
971,9,8,8,True,23,67.052216
972,9,4,4,True,25,970.2685
972,9,8,8,True,23,370.32147
973,9,3,3,True,24,564.0186
973,9,5,5,True,25,1304.7325
973,9,8,8,True,23,34.68429
974,9,3,3,True,25,1056.772
974,9,6,6,True,25,509.4556
974,9,8,8,True,23,267.0955
975,9,4,4,True,24,667.5298
976,9,3,3,True,25,827.2273
976,9,4,4,True,26,1230.6353
976,9,5,5,True,25,1135.4514
976,9,7,7,True,24,841.6323
976,9,8,8,True,23,247.24077
977,9,3,3,True,23,218.13528
977,9,4,4,True,25,1065.6848
977,9,6,6,True,25,1098.3014
977,9,8,8,True,23,353.54773
978,9,2,2,True,25,1156.4623
978,9,4,4,True,26,1188.3826
978,9,6,6,True,26,1135.7314
978,9,8,8,True,25,997.8812
979,9,3,3,True,24,427.43304
979,9,4,4,True,25,1017.17993
979,9,5,5,True,24,656.9277
979,9,8,8,True,24,439.94547
980,9,3,3,True,25,992.62634
980,9,8,8,True,23,152.54836
981,9,4,4,True,25,1111.1179
981,9,8,8,True,23,267.01874
982,9,3,3,True,24,277.71927
982,9,4,4,True,25,1120.7096
982,9,8,8,True,24,357.72476
983,9,3,3,True,24,533.6834
983,9,4,4,True,24,771.3981
983,9,8,8,True,24,372.2499
984,9,4,4,True,26,1469.5183
984,9,8,8,True,23,256.36496
985,9,3,3,True,24,281.44272
985,9,4,4,True,24,634.01733
985,9,5,5,True,25,1113.9012
985,9,8,8,True,23,313.30655
986,9,0,0,True,25,809.4443
986,9,4,4,True,25,1127.7517
986,9,8,8,True,24,265.26215
987,9,3,3,True,24,714.40186
987,9,4,4,True,25,886.78125
987,9,8,8,True,24,376.27118
988,9,3,3,True,26,1344.2166
988,9,4,4,True,25,781.0807
988,9,8,8,True,24,301.14948
989,9,3,3,True,26,1460.9835
989,9,4,4,True,25,1103.7513
989,9,8,8,True,24,402.81882
990,9,3,3,True,24,233.8012
990,9,4,4,True,24,264.14767
990,9,7,7,True,25,1259.0361
990,9,8,8,True,23,233.3388
991,9,0,0,True,24,525.41315
991,9,4,4,True,26,1454.3802
991,9,6,6,True,26,1383.4991
991,9,8,8,True,24,350.56384
992,9,3,3,True,23,273.06775
992,9,4,4,True,26,1336.6042
993,9,3,3,True,24,613.22424
993,9,4,4,True,24,725.50604
993,9,8,8,True,24,403.73877
994,9,3,3,True,24,235.95338
994,9,4,4,True,23,198.8165
994,9,8,8,True,24,379.16354
995,9,0,0,True,26,919.5803
995,9,2,2,True,25,792.6077
995,9,3,3,True,25,675.294
995,9,5,5,True,24,512.2187
995,9,6,6,True,25,957.2424
995,9,8,8,True,24,246.56236
996,9,2,2,True,23,127.04723
996,9,3,3,True,24,314.96667
996,9,4,4,True,25,935.2123
996,9,5,5,True,24,74.53858
996,9,6,6,True,24,610.59235
996,9,8,8,True,24,292.25674
997,9,2,2,True,27,1440.1798
997,9,3,3,True,24,261.58746
997,9,4,4,True,25,1050.2766
997,9,5,5,True,24,780.62665
997,9,6,6,True,25,983.14545
997,9,8,8,True,24,293.76352
998,9,3,3,True,23,418.46863
998,9,7,7,True,25,1293.4829
998,9,8,8,True,23,250.41765
999,9,2,2,True,26,1512.8126
999,9,4,4,True,26,1504.775
